2025-01-29 19:09:05,024 - Scheduler started
2025-01-29 19:09:05,029 - Starting create_test_data.py...
2025-01-29 19:09:05,435 - Error running script: Command '['python', 'create_test_data.py']' returned non-zero exit status 2.
2025-01-29 19:09:05,438 - Sleeping for 5 minutes at 2025-01-29 19:09:05.436467
2025-01-29 19:10:19,168 - Scheduler started
2025-01-29 19:10:19,169 - Starting create_test_data.py...
2025-01-29 19:10:36,092 - Finished create_test_data.py
2025-01-29 19:10:36,093 - Starting pre_process_features_no_h2h.py...
2025-01-29 19:10:38,803 - Finished pre_process_features_no_h2h.py
2025-01-29 19:10:38,805 - Starting pre_process_features.py...
2025-01-29 19:10:41,846 - Finished pre_process_features.py
2025-01-29 19:10:41,847 - Starting logistic_regression.py...
2025-01-29 19:10:45,118 - Finished logistic_regression.py
2025-01-29 19:10:45,149 - Starting compare_predictions.py...
2025-01-29 19:10:47,032 - Finished compare_predictions.py
2025-01-29 19:10:47,043 - All scripts completed successfully

2025-01-29 19:10:47,043 - Sleeping for 5 minutes at 2025-01-29 19:10:47.043888
2025-01-29 19:15:47,063 - Starting create_test_data.py...
2025-01-29 19:16:24,959 - Finished create_test_data.py
2025-01-29 19:16:24,960 - Starting pre_process_features_no_h2h.py...
2025-01-29 19:16:29,441 - Finished pre_process_features_no_h2h.py
2025-01-29 19:16:29,441 - Starting pre_process_features.py...
2025-01-29 19:16:31,817 - Finished pre_process_features.py
2025-01-29 19:16:31,818 - Starting logistic_regression.py...
2025-01-29 19:16:35,079 - Finished logistic_regression.py
2025-01-29 19:16:35,080 - Starting compare_predictions.py...
2025-01-29 19:16:37,912 - Finished compare_predictions.py
2025-01-29 19:16:37,913 - All scripts completed successfully

2025-01-29 19:16:37,914 - Sleeping for 5 minutes at 2025-01-29 19:16:37.914042
2025-01-29 19:21:37,933 - Starting create_test_data.py...
2025-01-29 19:21:58,987 - Finished create_test_data.py
2025-01-29 19:21:58,987 - Starting pre_process_features_no_h2h.py...
2025-01-29 19:22:03,235 - Finished pre_process_features_no_h2h.py
2025-01-29 19:22:03,237 - Starting pre_process_features.py...
2025-01-29 19:22:06,300 - Finished pre_process_features.py
2025-01-29 19:22:06,305 - Starting logistic_regression.py...
2025-01-29 19:22:10,305 - Finished logistic_regression.py
2025-01-29 19:22:10,311 - Starting compare_predictions.py...
2025-01-29 19:22:17,913 - Finished compare_predictions.py
2025-01-29 19:22:17,914 - All scripts completed successfully

2025-01-29 19:22:17,914 - Sleeping for 5 minutes at 2025-01-29 19:22:17.914368
2025-01-29 19:27:17,926 - Starting create_test_data.py...
2025-01-29 19:27:30,364 - Finished create_test_data.py
2025-01-29 19:27:30,365 - Starting pre_process_features_no_h2h.py...
2025-01-29 19:27:32,569 - Finished pre_process_features_no_h2h.py
2025-01-29 19:27:32,569 - Starting pre_process_features.py...
2025-01-29 19:27:34,890 - Finished pre_process_features.py
2025-01-29 19:27:34,891 - Starting logistic_regression.py...
2025-01-29 19:27:37,489 - Finished logistic_regression.py
2025-01-29 19:27:37,490 - Starting compare_predictions.py...
2025-01-29 19:27:39,881 - Finished compare_predictions.py
2025-01-29 19:27:39,882 - All scripts completed successfully

2025-01-29 19:27:39,882 - Sleeping for 5 minutes at 2025-01-29 19:27:39.882548
2025-01-29 19:32:39,851 - Starting create_test_data.py...
2025-01-29 19:32:52,889 - Finished create_test_data.py
2025-01-29 19:32:52,890 - Starting pre_process_features_no_h2h.py...
2025-01-29 19:32:56,083 - Finished pre_process_features_no_h2h.py
2025-01-29 19:32:56,084 - Starting pre_process_features.py...
2025-01-29 19:32:58,695 - Finished pre_process_features.py
2025-01-29 19:32:58,695 - Starting logistic_regression.py...
2025-01-29 19:33:01,390 - Finished logistic_regression.py
2025-01-29 19:33:01,402 - Starting compare_predictions.py...
2025-01-29 19:33:03,417 - Finished compare_predictions.py
2025-01-29 19:33:03,417 - All scripts completed successfully

2025-01-29 19:33:03,418 - Sleeping for 5 minutes at 2025-01-29 19:33:03.418071
2025-01-29 19:38:03,432 - Starting create_test_data.py...
2025-01-29 19:38:13,983 - Finished create_test_data.py
2025-01-29 19:38:13,986 - Starting pre_process_features_no_h2h.py...
2025-01-29 19:38:16,169 - Finished pre_process_features_no_h2h.py
2025-01-29 19:38:16,171 - Starting pre_process_features.py...
2025-01-29 19:38:18,107 - Finished pre_process_features.py
2025-01-29 19:38:18,108 - Starting logistic_regression.py...
2025-01-29 19:38:21,037 - Finished logistic_regression.py
2025-01-29 19:38:21,038 - Starting compare_predictions.py...
2025-01-29 19:38:24,117 - Finished compare_predictions.py
2025-01-29 19:38:24,117 - All scripts completed successfully

2025-01-29 19:38:24,118 - Sleeping for 5 minutes at 2025-01-29 19:38:24.118026
2025-01-29 19:43:24,132 - Starting create_test_data.py...
2025-01-29 19:43:37,533 - Finished create_test_data.py
2025-01-29 19:43:37,534 - Starting pre_process_features_no_h2h.py...
2025-01-29 19:43:40,219 - Finished pre_process_features_no_h2h.py
2025-01-29 19:43:40,220 - Starting pre_process_features.py...
2025-01-29 19:43:42,510 - Finished pre_process_features.py
2025-01-29 19:43:42,511 - Starting logistic_regression.py...
2025-01-29 19:43:45,157 - Finished logistic_regression.py
2025-01-29 19:43:45,193 - Starting compare_predictions.py...
2025-01-29 19:43:47,367 - Finished compare_predictions.py
2025-01-29 19:43:47,374 - All scripts completed successfully

2025-01-29 19:43:47,374 - Sleeping for 5 minutes at 2025-01-29 19:43:47.374958
2025-01-29 19:48:47,387 - Starting create_test_data.py...
2025-01-29 19:48:58,789 - Finished create_test_data.py
2025-01-29 19:48:58,790 - Starting pre_process_features_no_h2h.py...
2025-01-29 19:49:02,505 - Finished pre_process_features_no_h2h.py
2025-01-29 19:49:02,506 - Starting pre_process_features.py...
2025-01-29 19:49:04,930 - Finished pre_process_features.py
2025-01-29 19:49:04,931 - Starting logistic_regression.py...
2025-01-29 19:49:07,744 - Finished logistic_regression.py
2025-01-29 19:49:07,756 - Starting compare_predictions.py...
2025-01-29 19:49:10,331 - Finished compare_predictions.py
2025-01-29 19:49:10,331 - All scripts completed successfully

2025-01-29 19:49:10,332 - Sleeping for 5 minutes at 2025-01-29 19:49:10.332060
2025-01-29 19:54:10,347 - Starting create_test_data.py...
2025-01-29 19:54:21,515 - Finished create_test_data.py
2025-01-29 19:54:21,517 - Starting pre_process_features_no_h2h.py...
2025-01-29 19:54:23,909 - Finished pre_process_features_no_h2h.py
2025-01-29 19:54:23,915 - Starting pre_process_features.py...
2025-01-29 19:54:26,518 - Finished pre_process_features.py
2025-01-29 19:54:26,519 - Starting logistic_regression.py...
2025-01-29 19:54:30,581 - Finished logistic_regression.py
2025-01-29 19:54:30,582 - Starting compare_predictions.py...
2025-01-29 19:54:35,524 - Finished compare_predictions.py
2025-01-29 19:54:35,525 - All scripts completed successfully

2025-01-29 19:54:35,526 - Sleeping for 5 minutes at 2025-01-29 19:54:35.526065
2025-01-29 19:59:35,531 - Starting create_test_data.py...
2025-01-29 19:59:50,894 - Finished create_test_data.py
2025-01-29 19:59:50,894 - Starting pre_process_features_no_h2h.py...
2025-01-29 19:59:53,392 - Finished pre_process_features_no_h2h.py
2025-01-29 19:59:53,392 - Starting pre_process_features.py...
2025-01-29 19:59:55,355 - Finished pre_process_features.py
2025-01-29 19:59:55,359 - Starting logistic_regression.py...
2025-01-29 19:59:58,111 - Finished logistic_regression.py
2025-01-29 19:59:58,112 - Starting compare_predictions.py...
2025-01-29 20:00:01,705 - Finished compare_predictions.py
2025-01-29 20:00:01,707 - All scripts completed successfully

2025-01-29 20:00:01,708 - Sleeping for 5 minutes at 2025-01-29 20:00:01.708251
2025-01-31 19:44:01,294 - Scheduler started
2025-01-31 19:44:01,294 - Starting create_test_data.py...
2025-01-31 19:44:13,409 - Finished create_test_data.py
2025-01-31 19:44:13,410 - Starting pre_process_features_no_h2h.py...
2025-01-31 19:44:13,616 - Error running script: Command '['python', 'sportradar/AI/feature_engineering/scripts/pre_process_features_no_h2h.py']' returned non-zero exit status 2.
2025-01-31 19:44:13,617 - Sleeping for 5 minutes at 2025-01-31 19:44:13.617345
2025-01-31 19:44:48,652 - Scheduler started
2025-01-31 19:44:48,653 - Starting create_test_data.py...
2025-01-31 19:44:56,783 - Finished create_test_data.py
2025-01-31 19:44:56,783 - Starting test_pre_process_basic_features.py...
2025-01-31 19:44:58,513 - Finished test_pre_process_basic_features.py
2025-01-31 19:44:58,513 - Starting pre_process_features_no_h2h.py...
2025-01-31 19:44:59,960 - Finished pre_process_features_no_h2h.py
2025-01-31 19:44:59,961 - Starting pre_process_features.py...
2025-01-31 19:45:01,380 - Finished pre_process_features.py
2025-01-31 19:45:01,381 - Starting logistic_regression.py...
2025-01-31 19:45:03,644 - Finished logistic_regression.py
2025-01-31 19:45:03,644 - Starting compare_predictions.py...
2025-01-31 19:45:04,291 - Finished compare_predictions.py
2025-01-31 19:45:04,291 - All scripts completed successfully

2025-01-31 19:45:04,292 - Sleeping for 5 minutes at 2025-01-31 19:45:04.292361
2025-02-01 09:39:10,225 - Scheduler started
2025-02-01 09:39:10,228 - Starting create_test_data.py...
2025-02-01 09:39:17,945 - Finished create_test_data.py
2025-02-01 09:39:17,946 - Starting test_pre_process_basic_features.py...
2025-02-01 09:39:19,976 - Finished test_pre_process_basic_features.py
2025-02-01 09:39:19,976 - Starting pre_process_features_no_h2h.py...
2025-02-01 09:39:21,285 - Finished pre_process_features_no_h2h.py
2025-02-01 09:39:21,285 - Starting pre_process_features.py...
2025-02-01 09:39:22,872 - Finished pre_process_features.py
2025-02-01 09:39:22,872 - Starting logistic_regression.py...
2025-02-01 09:39:25,166 - Finished logistic_regression.py
2025-02-01 09:39:25,167 - Starting compare_predictions.py...
2025-02-01 09:39:25,874 - Finished compare_predictions.py
2025-02-01 09:39:25,875 - All scripts completed successfully

2025-02-01 09:39:25,875 - Sleeping for 5 minutes at 2025-02-01 09:39:25.875220
2025-02-01 10:25:47,605 - Scheduler started
2025-02-01 10:25:47,606 - Starting create_test_data.py...
2025-02-01 10:25:56,397 - Finished create_test_data.py
2025-02-01 10:25:56,408 - Starting test_pre_process_basic_features.py...
2025-02-01 10:25:58,429 - Finished test_pre_process_basic_features.py
2025-02-01 10:25:58,429 - Starting pre_process_features_no_h2h.py...
2025-02-01 10:26:00,140 - Finished pre_process_features_no_h2h.py
2025-02-01 10:26:00,140 - Starting pre_process_features.py...
2025-02-01 10:26:01,545 - Finished pre_process_features.py
2025-02-01 10:26:01,545 - Starting logistic_regression.py...
2025-02-01 10:26:03,798 - Finished logistic_regression.py
2025-02-01 10:26:03,798 - Starting compare_predictions.py...
2025-02-01 10:26:04,783 - Error running script: Command '['python', 'sportradar/scripts/odds_comparison/compare_predictions_with_odds.py']' returned non-zero exit status 1.
2025-02-01 10:26:04,787 - Sleeping for 5 minutes at 2025-02-01 10:26:04.787809
2025-02-01 10:26:54,505 - Scheduler started
2025-02-01 10:26:54,506 - Starting create_test_data.py...
2025-02-01 10:27:02,229 - Finished create_test_data.py
2025-02-01 10:27:02,230 - Starting test_pre_process_basic_features.py...
2025-02-01 10:27:03,965 - Finished test_pre_process_basic_features.py
2025-02-01 10:27:03,965 - Starting pre_process_features_no_h2h.py...
2025-02-01 10:27:05,517 - Finished pre_process_features_no_h2h.py
2025-02-01 10:27:05,517 - Starting pre_process_features.py...
2025-02-01 10:27:06,887 - Finished pre_process_features.py
2025-02-01 10:27:06,887 - Starting logistic_regression.py...
2025-02-01 10:27:09,276 - Finished logistic_regression.py
2025-02-01 10:27:09,277 - Starting compare_predictions.py...
2025-02-01 10:27:09,800 - Finished compare_predictions.py
2025-02-01 10:27:09,849 - All scripts completed successfully

2025-02-01 10:27:09,867 - Sleeping for 5 minutes at 2025-02-01 10:27:09.866753
2025-02-01 10:32:09,872 - Starting create_test_data.py...
2025-02-01 10:32:17,879 - Finished create_test_data.py
2025-02-01 10:32:17,879 - Starting test_pre_process_basic_features.py...
2025-02-01 10:32:19,586 - Finished test_pre_process_basic_features.py
2025-02-01 10:32:19,587 - Starting pre_process_features_no_h2h.py...
2025-02-01 10:32:21,261 - Finished pre_process_features_no_h2h.py
2025-02-01 10:32:21,261 - Starting pre_process_features.py...
2025-02-01 10:32:22,656 - Finished pre_process_features.py
2025-02-01 10:32:22,656 - Starting logistic_regression.py...
2025-02-01 10:32:25,181 - Finished logistic_regression.py
2025-02-01 10:32:25,181 - Starting compare_predictions.py...
2025-02-01 10:32:25,893 - Error running script: Command '['python', 'sportradar/scripts/odds_comparison/compare_predictions_with_odds.py']' returned non-zero exit status 1.
2025-02-01 10:32:25,895 - Sleeping for 5 minutes at 2025-02-01 10:32:25.895499
2025-02-01 10:43:31,713 - Scheduler started
2025-02-01 10:43:31,714 - Starting create_test_data.py...
2025-02-01 10:43:40,417 - Finished create_test_data.py
2025-02-01 10:43:40,417 - Starting test_pre_process_basic_features.py...
2025-02-01 10:43:42,386 - Finished test_pre_process_basic_features.py
2025-02-01 10:43:42,386 - Starting pre_process_features_no_h2h.py...
2025-02-01 10:43:43,727 - Finished pre_process_features_no_h2h.py
2025-02-01 10:43:43,727 - Starting pre_process_features.py...
2025-02-01 10:43:45,335 - Finished pre_process_features.py
2025-02-01 10:43:45,335 - Starting logistic_regression.py...
2025-02-01 10:43:47,789 - Finished logistic_regression.py
2025-02-01 10:43:47,789 - Starting compare_predictions.py...
2025-02-01 10:43:48,271 - Error running script: Command '['python', 'sportradar/scripts/odds_comparison/compare_predictions_with_odds.py']' returned non-zero exit status 1.
2025-02-01 10:43:48,274 - Sleeping for 5 minutes at 2025-02-01 10:43:48.274871
2025-02-01 10:48:48,283 - Starting create_test_data.py...
2025-02-01 10:48:56,713 - Finished create_test_data.py
2025-02-01 10:48:56,714 - Starting test_pre_process_basic_features.py...
2025-02-01 10:48:58,660 - Finished test_pre_process_basic_features.py
2025-02-01 10:48:58,660 - Starting pre_process_features_no_h2h.py...
2025-02-01 10:49:00,001 - Finished pre_process_features_no_h2h.py
2025-02-01 10:49:00,001 - Starting pre_process_features.py...
2025-02-01 10:49:01,628 - Finished pre_process_features.py
2025-02-01 10:49:01,628 - Starting logistic_regression.py...
2025-02-01 10:49:03,873 - Finished logistic_regression.py
2025-02-01 10:49:03,874 - Starting compare_predictions.py...
2025-02-01 10:49:04,606 - Error running script: Command '['python', 'sportradar/scripts/odds_comparison/compare_predictions_with_odds.py']' returned non-zero exit status 1.
2025-02-01 10:49:04,606 - Sleeping for 5 minutes at 2025-02-01 10:49:04.606337
2025-02-01 10:54:04,605 - Starting create_test_data.py...
2025-02-01 10:54:12,092 - Finished create_test_data.py
2025-02-01 10:54:12,093 - Starting test_pre_process_basic_features.py...
2025-02-01 10:54:14,034 - Finished test_pre_process_basic_features.py
2025-02-01 10:54:14,034 - Starting pre_process_features_no_h2h.py...
2025-02-01 10:54:15,389 - Finished pre_process_features_no_h2h.py
2025-02-01 10:54:15,389 - Starting pre_process_features.py...
2025-02-01 10:54:17,013 - Finished pre_process_features.py
2025-02-01 10:54:17,013 - Starting logistic_regression.py...
2025-02-01 10:54:19,266 - Finished logistic_regression.py
2025-02-01 10:54:19,267 - Starting compare_predictions.py...
2025-02-01 10:54:20,250 - Error running script: Command '['python', 'sportradar/scripts/odds_comparison/compare_predictions_with_odds.py']' returned non-zero exit status 1.
2025-02-01 10:54:20,250 - Sleeping for 5 minutes at 2025-02-01 10:54:20.250872
2025-02-01 10:59:20,257 - Starting create_test_data.py...
2025-02-01 10:59:27,015 - Finished create_test_data.py
2025-02-01 10:59:27,015 - Starting test_pre_process_basic_features.py...
2025-02-01 10:59:28,713 - Finished test_pre_process_basic_features.py
2025-02-01 10:59:28,734 - Starting pre_process_features_no_h2h.py...
2025-02-01 10:59:30,477 - Finished pre_process_features_no_h2h.py
2025-02-01 10:59:30,477 - Starting pre_process_features.py...
2025-02-01 10:59:32,069 - Finished pre_process_features.py
2025-02-01 10:59:32,069 - Starting logistic_regression.py...
2025-02-01 10:59:34,239 - Finished logistic_regression.py
2025-02-01 10:59:34,239 - Starting compare_predictions.py...
2025-02-01 10:59:34,957 - Error running script: Command '['python', 'sportradar/scripts/odds_comparison/compare_predictions_with_odds.py']' returned non-zero exit status 1.
2025-02-01 10:59:34,957 - Sleeping for 5 minutes at 2025-02-01 10:59:34.957867
2025-02-01 11:04:34,966 - Starting create_test_data.py...
2025-02-01 11:04:42,871 - Finished create_test_data.py
2025-02-01 11:04:42,872 - Starting test_pre_process_basic_features.py...
2025-02-01 11:04:44,810 - Finished test_pre_process_basic_features.py
2025-02-01 11:04:44,811 - Starting pre_process_features_no_h2h.py...
2025-02-01 11:04:46,185 - Finished pre_process_features_no_h2h.py
2025-02-01 11:04:46,185 - Starting pre_process_features.py...
2025-02-01 11:04:47,786 - Finished pre_process_features.py
2025-02-01 11:04:47,787 - Starting logistic_regression.py...
2025-02-01 11:04:50,081 - Finished logistic_regression.py
2025-02-01 11:04:50,081 - Starting compare_predictions.py...
2025-02-01 11:04:51,056 - Error running script: Command '['python', 'sportradar/scripts/odds_comparison/compare_predictions_with_odds.py']' returned non-zero exit status 1.
2025-02-01 11:04:51,056 - Sleeping for 5 minutes at 2025-02-01 11:04:51.056715
2025-02-01 11:09:51,063 - Starting create_test_data.py...
2025-02-01 11:09:59,245 - Finished create_test_data.py
2025-02-01 11:09:59,247 - Starting test_pre_process_basic_features.py...
2025-02-01 11:10:01,275 - Finished test_pre_process_basic_features.py
2025-02-01 11:10:01,275 - Starting pre_process_features_no_h2h.py...
2025-02-01 11:10:02,608 - Finished pre_process_features_no_h2h.py
2025-02-01 11:10:02,608 - Starting pre_process_features.py...
2025-02-01 11:10:04,293 - Finished pre_process_features.py
2025-02-01 11:10:04,293 - Starting logistic_regression.py...
2025-02-01 11:10:06,566 - Finished logistic_regression.py
2025-02-01 11:10:06,567 - Starting compare_predictions.py...
2025-02-01 11:10:07,324 - Error running script: Command '['python', 'sportradar/scripts/odds_comparison/compare_predictions_with_odds.py']' returned non-zero exit status 1.
2025-02-01 11:10:07,326 - Sleeping for 5 minutes at 2025-02-01 11:10:07.326651
2025-02-01 11:15:07,334 - Starting create_test_data.py...
2025-02-01 11:15:13,928 - Finished create_test_data.py
2025-02-01 11:15:13,928 - Starting test_pre_process_basic_features.py...
2025-02-01 11:15:15,312 - Finished test_pre_process_basic_features.py
2025-02-01 11:15:15,313 - Starting pre_process_features_no_h2h.py...
2025-02-01 11:15:16,457 - Finished pre_process_features_no_h2h.py
2025-02-01 11:15:16,458 - Starting pre_process_features.py...
2025-02-01 11:15:17,593 - Finished pre_process_features.py
2025-02-01 11:15:17,593 - Starting logistic_regression.py...
2025-02-01 11:15:19,485 - Finished logistic_regression.py
2025-02-01 11:15:19,485 - Starting compare_predictions.py...
2025-02-01 11:15:19,951 - Error running script: Command '['python', 'sportradar/scripts/odds_comparison/compare_predictions_with_odds.py']' returned non-zero exit status 1.
2025-02-01 11:15:19,952 - Sleeping for 5 minutes at 2025-02-01 11:15:19.952124
2025-02-01 11:20:19,965 - Starting create_test_data.py...
2025-02-01 11:20:23,650 - Finished create_test_data.py
2025-02-01 11:20:23,650 - Starting test_pre_process_basic_features.py...
2025-02-01 11:20:25,084 - Finished test_pre_process_basic_features.py
2025-02-01 11:20:25,084 - Starting pre_process_features_no_h2h.py...
2025-02-01 11:20:26,234 - Finished pre_process_features_no_h2h.py
2025-02-01 11:20:26,234 - Starting pre_process_features.py...
2025-02-01 11:20:27,314 - Finished pre_process_features.py
2025-02-01 11:20:27,315 - Starting logistic_regression.py...
2025-02-01 11:20:28,951 - Finished logistic_regression.py
2025-02-01 11:20:28,951 - Starting compare_predictions.py...
2025-02-01 11:20:29,402 - Error running script: Command '['python', 'sportradar/scripts/odds_comparison/compare_predictions_with_odds.py']' returned non-zero exit status 1.
2025-02-01 11:20:29,403 - Sleeping for 5 minutes at 2025-02-01 11:20:29.403191
2025-02-01 11:25:29,410 - Starting create_test_data.py...
2025-02-01 11:25:33,096 - Finished create_test_data.py
2025-02-01 11:25:33,096 - Starting test_pre_process_basic_features.py...
2025-02-01 11:25:34,477 - Finished test_pre_process_basic_features.py
2025-02-01 11:25:34,478 - Starting pre_process_features_no_h2h.py...
2025-02-01 11:25:35,570 - Finished pre_process_features_no_h2h.py
2025-02-01 11:25:35,570 - Starting pre_process_features.py...
2025-02-01 11:25:36,744 - Finished pre_process_features.py
2025-02-01 11:25:36,744 - Starting logistic_regression.py...
2025-02-01 11:25:38,625 - Finished logistic_regression.py
2025-02-01 11:25:38,626 - Starting compare_predictions.py...
2025-02-01 11:25:39,081 - Error running script: Command '['python', 'sportradar/scripts/odds_comparison/compare_predictions_with_odds.py']' returned non-zero exit status 1.
2025-02-01 11:25:39,081 - Sleeping for 5 minutes at 2025-02-01 11:25:39.081618
2025-02-01 11:30:39,088 - Starting create_test_data.py...
2025-02-01 11:30:42,636 - Finished create_test_data.py
2025-02-01 11:30:42,636 - Starting test_pre_process_basic_features.py...
2025-02-01 11:30:44,246 - Finished test_pre_process_basic_features.py
2025-02-01 11:30:44,247 - Starting pre_process_features_no_h2h.py...
2025-02-01 11:30:45,390 - Finished pre_process_features_no_h2h.py
2025-02-01 11:30:45,391 - Starting pre_process_features.py...
2025-02-01 11:30:46,508 - Finished pre_process_features.py
2025-02-01 11:30:46,508 - Starting logistic_regression.py...
2025-02-01 11:30:48,140 - Finished logistic_regression.py
2025-02-01 11:30:48,141 - Starting compare_predictions.py...
2025-02-01 11:30:48,573 - Error running script: Command '['python', 'sportradar/scripts/odds_comparison/compare_predictions_with_odds.py']' returned non-zero exit status 1.
2025-02-01 11:30:48,574 - Sleeping for 5 minutes at 2025-02-01 11:30:48.574126
2025-02-01 11:35:48,634 - Starting create_test_data.py...
2025-02-01 11:35:52,760 - Finished create_test_data.py
2025-02-01 11:35:52,760 - Starting test_pre_process_basic_features.py...
2025-02-01 11:35:54,174 - Finished test_pre_process_basic_features.py
2025-02-01 11:35:54,175 - Starting pre_process_features_no_h2h.py...
2025-02-01 11:35:55,279 - Finished pre_process_features_no_h2h.py
2025-02-01 11:35:55,279 - Starting pre_process_features.py...
2025-02-01 11:35:56,401 - Finished pre_process_features.py
2025-02-01 11:35:56,401 - Starting logistic_regression.py...
2025-02-01 11:35:58,072 - Finished logistic_regression.py
2025-02-01 11:35:58,073 - Starting compare_predictions.py...
2025-02-01 11:35:58,750 - Error running script: Command '['python', 'sportradar/scripts/odds_comparison/compare_predictions_with_odds.py']' returned non-zero exit status 1.
2025-02-01 11:35:58,751 - Sleeping for 5 minutes at 2025-02-01 11:35:58.751148
2025-02-01 11:40:58,762 - Starting create_test_data.py...
2025-02-01 11:41:02,735 - Finished create_test_data.py
2025-02-01 11:41:02,735 - Starting test_pre_process_basic_features.py...
2025-02-01 11:41:04,208 - Finished test_pre_process_basic_features.py
2025-02-01 11:41:04,208 - Starting pre_process_features_no_h2h.py...
2025-02-01 11:41:05,488 - Finished pre_process_features_no_h2h.py
2025-02-01 11:41:05,489 - Starting pre_process_features.py...
2025-02-01 11:41:06,915 - Finished pre_process_features.py
2025-02-01 11:41:06,915 - Starting logistic_regression.py...
2025-02-01 11:41:08,659 - Finished logistic_regression.py
2025-02-01 11:41:08,660 - Starting compare_predictions.py...
2025-02-01 11:41:09,141 - Error running script: Command '['python', 'sportradar/scripts/odds_comparison/compare_predictions_with_odds.py']' returned non-zero exit status 1.
2025-02-01 11:41:09,142 - Sleeping for 5 minutes at 2025-02-01 11:41:09.142282
2025-02-01 11:46:09,159 - Starting create_test_data.py...
2025-02-01 11:46:17,489 - Finished create_test_data.py
2025-02-01 11:46:17,489 - Starting test_pre_process_basic_features.py...
2025-02-01 11:46:18,899 - Finished test_pre_process_basic_features.py
2025-02-01 11:46:18,899 - Starting pre_process_features_no_h2h.py...
2025-02-01 11:46:20,265 - Finished pre_process_features_no_h2h.py
2025-02-01 11:46:20,266 - Starting pre_process_features.py...
2025-02-01 11:46:21,367 - Finished pre_process_features.py
2025-02-01 11:46:21,367 - Starting logistic_regression.py...
2025-02-01 11:46:23,307 - Finished logistic_regression.py
2025-02-01 11:46:23,307 - Starting compare_predictions.py...
2025-02-01 11:46:23,918 - Error running script: Command '['python', 'sportradar/scripts/odds_comparison/compare_predictions_with_odds.py']' returned non-zero exit status 1.
2025-02-01 11:46:23,920 - Sleeping for 5 minutes at 2025-02-01 11:46:23.919835
2025-02-01 11:51:23,931 - Starting create_test_data.py...
2025-02-01 11:51:30,154 - Finished create_test_data.py
2025-02-01 11:51:30,155 - Starting test_pre_process_basic_features.py...
2025-02-01 11:51:31,458 - Finished test_pre_process_basic_features.py
2025-02-01 11:51:31,459 - Starting pre_process_features_no_h2h.py...
2025-02-01 11:51:32,791 - Finished pre_process_features_no_h2h.py
2025-02-01 11:51:32,792 - Starting pre_process_features.py...
2025-02-01 11:51:33,916 - Finished pre_process_features.py
2025-02-01 11:51:33,916 - Starting logistic_regression.py...
2025-02-01 11:51:35,801 - Finished logistic_regression.py
2025-02-01 11:51:35,801 - Starting compare_predictions.py...
2025-02-01 11:51:36,534 - Error running script: Command '['python', 'sportradar/scripts/odds_comparison/compare_predictions_with_odds.py']' returned non-zero exit status 1.
2025-02-01 11:51:36,535 - Sleeping for 5 minutes at 2025-02-01 11:51:36.535071
2025-02-01 11:56:36,544 - Starting create_test_data.py...
2025-02-01 11:56:42,662 - Finished create_test_data.py
2025-02-01 11:56:42,662 - Starting test_pre_process_basic_features.py...
2025-02-01 11:56:44,255 - Finished test_pre_process_basic_features.py
2025-02-01 11:56:44,255 - Starting pre_process_features_no_h2h.py...
2025-02-01 11:56:45,369 - Finished pre_process_features_no_h2h.py
2025-02-01 11:56:45,369 - Starting pre_process_features.py...
2025-02-01 11:56:46,708 - Finished pre_process_features.py
2025-02-01 11:56:46,708 - Starting logistic_regression.py...
2025-02-01 11:56:48,540 - Finished logistic_regression.py
2025-02-01 11:56:48,540 - Starting compare_predictions.py...
2025-02-01 11:56:49,201 - Error running script: Command '['python', 'sportradar/scripts/odds_comparison/compare_predictions_with_odds.py']' returned non-zero exit status 1.
2025-02-01 11:56:49,202 - Sleeping for 5 minutes at 2025-02-01 11:56:49.202092
2025-02-01 12:01:49,212 - Starting create_test_data.py...
2025-02-01 12:01:55,400 - Finished create_test_data.py
2025-02-01 12:01:55,401 - Starting test_pre_process_basic_features.py...
2025-02-01 12:01:56,952 - Finished test_pre_process_basic_features.py
2025-02-01 12:01:56,952 - Starting pre_process_features_no_h2h.py...
2025-02-01 12:01:58,375 - Finished pre_process_features_no_h2h.py
2025-02-01 12:01:58,376 - Starting pre_process_features.py...
2025-02-01 12:01:59,493 - Finished pre_process_features.py
2025-02-01 12:01:59,493 - Starting logistic_regression.py...
2025-02-01 12:02:01,335 - Finished logistic_regression.py
2025-02-01 12:02:01,336 - Starting compare_predictions.py...
2025-02-01 12:02:02,004 - Error running script: Command '['python', 'sportradar/scripts/odds_comparison/compare_predictions_with_odds.py']' returned non-zero exit status 1.
2025-02-01 12:02:02,004 - Sleeping for 5 minutes at 2025-02-01 12:02:02.004619
2025-02-01 12:07:02,129 - Starting create_test_data.py...
2025-02-01 12:07:08,114 - Finished create_test_data.py
2025-02-01 12:07:08,115 - Starting test_pre_process_basic_features.py...
2025-02-01 12:07:09,428 - Finished test_pre_process_basic_features.py
2025-02-01 12:07:09,428 - Starting pre_process_features_no_h2h.py...
2025-02-01 12:07:10,773 - Finished pre_process_features_no_h2h.py
2025-02-01 12:07:10,773 - Starting pre_process_features.py...
2025-02-01 12:07:12,080 - Finished pre_process_features.py
2025-02-01 12:07:12,080 - Starting logistic_regression.py...
2025-02-01 12:07:13,762 - Finished logistic_regression.py
2025-02-01 12:07:13,762 - Starting compare_predictions.py...
2025-02-01 12:07:14,435 - Error running script: Command '['python', 'sportradar/scripts/odds_comparison/compare_predictions_with_odds.py']' returned non-zero exit status 1.
2025-02-01 12:07:14,435 - Sleeping for 5 minutes at 2025-02-01 12:07:14.435811
2025-02-01 12:12:14,454 - Starting create_test_data.py...
2025-02-01 12:12:20,634 - Finished create_test_data.py
2025-02-01 12:12:20,634 - Starting test_pre_process_basic_features.py...
2025-02-01 12:12:22,008 - Finished test_pre_process_basic_features.py
2025-02-01 12:12:22,008 - Starting pre_process_features_no_h2h.py...
2025-02-01 12:12:23,331 - Finished pre_process_features_no_h2h.py
2025-02-01 12:12:23,332 - Starting pre_process_features.py...
2025-02-01 12:12:24,651 - Finished pre_process_features.py
2025-02-01 12:12:24,652 - Starting logistic_regression.py...
2025-02-01 12:12:26,234 - Finished logistic_regression.py
2025-02-01 12:12:26,235 - Starting compare_predictions.py...
2025-02-01 12:12:26,920 - Error running script: Command '['python', 'sportradar/scripts/odds_comparison/compare_predictions_with_odds.py']' returned non-zero exit status 1.
2025-02-01 12:12:26,920 - Sleeping for 5 minutes at 2025-02-01 12:12:26.920382
2025-02-01 12:17:26,938 - Starting create_test_data.py...
2025-02-01 12:17:35,517 - Finished create_test_data.py
2025-02-01 12:17:35,518 - Starting test_pre_process_basic_features.py...
2025-02-01 12:17:37,112 - Finished test_pre_process_basic_features.py
2025-02-01 12:17:37,112 - Starting pre_process_features_no_h2h.py...
2025-02-01 12:17:38,464 - Finished pre_process_features_no_h2h.py
2025-02-01 12:17:38,464 - Starting pre_process_features.py...
2025-02-01 12:17:39,592 - Finished pre_process_features.py
2025-02-01 12:17:39,592 - Starting logistic_regression.py...
2025-02-01 12:17:41,463 - Finished logistic_regression.py
2025-02-01 12:17:41,464 - Starting compare_predictions.py...
2025-02-01 12:17:42,037 - Error running script: Command '['python', 'sportradar/scripts/odds_comparison/compare_predictions_with_odds.py']' returned non-zero exit status 1.
2025-02-01 12:17:42,042 - Sleeping for 5 minutes at 2025-02-01 12:17:42.041800
2025-02-01 12:22:42,062 - Starting create_test_data.py...
2025-02-01 12:22:47,697 - Finished create_test_data.py
2025-02-01 12:22:47,698 - Starting test_pre_process_basic_features.py...
2025-02-01 12:22:49,216 - Finished test_pre_process_basic_features.py
2025-02-01 12:22:49,217 - Starting pre_process_features_no_h2h.py...
2025-02-01 12:22:50,531 - Finished pre_process_features_no_h2h.py
2025-02-01 12:22:50,531 - Starting pre_process_features.py...
2025-02-01 12:22:51,847 - Finished pre_process_features.py
2025-02-01 12:22:51,848 - Starting logistic_regression.py...
2025-02-01 12:22:53,686 - Finished logistic_regression.py
2025-02-01 12:22:53,687 - Starting compare_predictions.py...
2025-02-01 12:22:54,152 - Error running script: Command '['python', 'sportradar/scripts/odds_comparison/compare_predictions_with_odds.py']' returned non-zero exit status 1.
2025-02-01 12:22:54,154 - Sleeping for 5 minutes at 2025-02-01 12:22:54.153860
2025-02-01 12:27:54,174 - Starting create_test_data.py...
2025-02-01 12:28:00,125 - Finished create_test_data.py
2025-02-01 12:28:00,125 - Starting test_pre_process_basic_features.py...
2025-02-01 12:28:01,706 - Finished test_pre_process_basic_features.py
2025-02-01 12:28:01,706 - Starting pre_process_features_no_h2h.py...
2025-02-01 12:28:03,158 - Finished pre_process_features_no_h2h.py
2025-02-01 12:28:03,158 - Starting pre_process_features.py...
2025-02-01 12:28:04,439 - Finished pre_process_features.py
2025-02-01 12:28:04,439 - Starting logistic_regression.py...
2025-02-01 12:28:06,312 - Finished logistic_regression.py
2025-02-01 12:28:06,312 - Starting compare_predictions.py...
2025-02-01 12:28:06,928 - Error running script: Command '['python', 'sportradar/scripts/odds_comparison/compare_predictions_with_odds.py']' returned non-zero exit status 1.
2025-02-01 12:28:06,934 - Sleeping for 5 minutes at 2025-02-01 12:28:06.933725
2025-02-01 12:33:06,954 - Starting create_test_data.py...
2025-02-01 12:33:13,286 - Finished create_test_data.py
2025-02-01 12:33:13,293 - Starting test_pre_process_basic_features.py...
2025-02-01 12:33:15,105 - Finished test_pre_process_basic_features.py
2025-02-01 12:33:15,106 - Starting pre_process_features_no_h2h.py...
2025-02-01 12:33:16,457 - Finished pre_process_features_no_h2h.py
2025-02-01 12:33:16,458 - Starting pre_process_features.py...
2025-02-01 12:33:17,868 - Finished pre_process_features.py
2025-02-01 12:33:17,869 - Starting logistic_regression.py...
2025-02-01 12:33:19,686 - Finished logistic_regression.py
2025-02-01 12:33:19,686 - Starting compare_predictions.py...
2025-02-01 12:33:20,213 - Error running script: Command '['python', 'sportradar/scripts/odds_comparison/compare_predictions_with_odds.py']' returned non-zero exit status 1.
2025-02-01 12:33:20,213 - Sleeping for 5 minutes at 2025-02-01 12:33:20.213490
2025-02-01 12:38:20,234 - Starting create_test_data.py...
2025-02-01 12:38:26,586 - Finished create_test_data.py
2025-02-01 12:38:26,587 - Starting test_pre_process_basic_features.py...
2025-02-01 12:38:28,162 - Finished test_pre_process_basic_features.py
2025-02-01 12:38:28,162 - Starting pre_process_features_no_h2h.py...
2025-02-01 12:38:29,465 - Finished pre_process_features_no_h2h.py
2025-02-01 12:38:29,466 - Starting pre_process_features.py...
2025-02-01 12:38:30,818 - Finished pre_process_features.py
2025-02-01 12:38:30,819 - Starting logistic_regression.py...
2025-02-01 12:38:33,036 - Finished logistic_regression.py
2025-02-01 12:38:33,037 - Starting compare_predictions.py...
2025-02-01 12:38:33,598 - Error running script: Command '['python', 'sportradar/scripts/odds_comparison/compare_predictions_with_odds.py']' returned non-zero exit status 1.
2025-02-01 12:38:33,598 - Sleeping for 5 minutes at 2025-02-01 12:38:33.598490
2025-02-01 12:43:33,619 - Starting create_test_data.py...
2025-02-01 12:43:39,604 - Finished create_test_data.py
2025-02-01 12:43:39,606 - Starting test_pre_process_basic_features.py...
2025-02-01 12:43:40,915 - Finished test_pre_process_basic_features.py
2025-02-01 12:43:40,915 - Starting pre_process_features_no_h2h.py...
2025-02-01 12:43:42,247 - Finished pre_process_features_no_h2h.py
2025-02-01 12:43:42,247 - Starting pre_process_features.py...
2025-02-01 12:43:43,562 - Finished pre_process_features.py
2025-02-01 12:43:43,563 - Starting logistic_regression.py...
2025-02-01 12:43:45,677 - Finished logistic_regression.py
2025-02-01 12:43:45,677 - Starting compare_predictions.py...
2025-02-01 12:43:46,233 - Error running script: Command '['python', 'sportradar/scripts/odds_comparison/compare_predictions_with_odds.py']' returned non-zero exit status 1.
2025-02-01 12:43:46,234 - Sleeping for 5 minutes at 2025-02-01 12:43:46.234007
2025-02-01 12:48:46,235 - Starting create_test_data.py...
2025-02-01 12:48:51,971 - Finished create_test_data.py
2025-02-01 12:48:51,979 - Starting test_pre_process_basic_features.py...
2025-02-01 12:48:53,494 - Finished test_pre_process_basic_features.py
2025-02-01 12:48:53,494 - Starting pre_process_features_no_h2h.py...
2025-02-01 12:48:54,829 - Finished pre_process_features_no_h2h.py
2025-02-01 12:48:54,829 - Starting pre_process_features.py...
2025-02-01 12:48:56,152 - Finished pre_process_features.py
2025-02-01 12:48:56,152 - Starting logistic_regression.py...
2025-02-01 12:48:57,988 - Finished logistic_regression.py
2025-02-01 12:48:57,988 - Starting compare_predictions.py...
2025-02-01 12:48:58,676 - Error running script: Command '['python', 'sportradar/scripts/odds_comparison/compare_predictions_with_odds.py']' returned non-zero exit status 1.
2025-02-01 12:48:58,676 - Sleeping for 5 minutes at 2025-02-01 12:48:58.676387
2025-02-01 12:53:58,693 - Starting create_test_data.py...
2025-02-01 12:54:04,684 - Finished create_test_data.py
2025-02-01 12:54:04,684 - Starting test_pre_process_basic_features.py...
2025-02-01 12:54:06,325 - Finished test_pre_process_basic_features.py
2025-02-01 12:54:06,325 - Starting pre_process_features_no_h2h.py...
2025-02-01 12:54:07,647 - Finished pre_process_features_no_h2h.py
2025-02-01 12:54:07,652 - Starting pre_process_features.py...
2025-02-01 12:54:08,940 - Finished pre_process_features.py
2025-02-01 12:54:08,941 - Starting logistic_regression.py...
2025-02-01 12:54:11,049 - Finished logistic_regression.py
2025-02-01 12:54:11,049 - Starting compare_predictions.py...
2025-02-01 12:54:11,617 - Error running script: Command '['python', 'sportradar/scripts/odds_comparison/compare_predictions_with_odds.py']' returned non-zero exit status 1.
2025-02-01 12:54:11,618 - Sleeping for 5 minutes at 2025-02-01 12:54:11.618267
2025-02-01 12:59:11,635 - Starting create_test_data.py...
2025-02-01 12:59:17,211 - Finished create_test_data.py
2025-02-01 12:59:17,211 - Starting test_pre_process_basic_features.py...
2025-02-01 12:59:18,723 - Finished test_pre_process_basic_features.py
2025-02-01 12:59:18,723 - Starting pre_process_features_no_h2h.py...
2025-02-01 12:59:20,059 - Finished pre_process_features_no_h2h.py
2025-02-01 12:59:20,059 - Starting pre_process_features.py...
2025-02-01 12:59:21,394 - Finished pre_process_features.py
2025-02-01 12:59:21,394 - Starting logistic_regression.py...
2025-02-01 12:59:23,652 - Finished logistic_regression.py
2025-02-01 12:59:23,652 - Starting compare_predictions.py...
2025-02-01 12:59:24,176 - Error running script: Command '['python', 'sportradar/scripts/odds_comparison/compare_predictions_with_odds.py']' returned non-zero exit status 1.
2025-02-01 12:59:24,177 - Sleeping for 5 minutes at 2025-02-01 12:59:24.177240
2025-02-01 13:04:24,194 - Starting create_test_data.py...
2025-02-01 13:04:30,149 - Finished create_test_data.py
2025-02-01 13:04:30,149 - Starting test_pre_process_basic_features.py...
2025-02-01 13:04:31,590 - Finished test_pre_process_basic_features.py
2025-02-01 13:04:31,590 - Starting pre_process_features_no_h2h.py...
2025-02-01 13:04:32,934 - Finished pre_process_features_no_h2h.py
2025-02-01 13:04:32,935 - Starting pre_process_features.py...
2025-02-01 13:04:34,282 - Finished pre_process_features.py
2025-02-01 13:04:34,283 - Starting logistic_regression.py...
2025-02-01 13:04:36,404 - Finished logistic_regression.py
2025-02-01 13:04:36,404 - Starting compare_predictions.py...
2025-02-01 13:04:36,945 - Error running script: Command '['python', 'sportradar/scripts/odds_comparison/compare_predictions_with_odds.py']' returned non-zero exit status 1.
2025-02-01 13:04:36,945 - Sleeping for 5 minutes at 2025-02-01 13:04:36.945664
2025-02-01 13:08:02,773 - Scheduler started
2025-02-01 13:08:02,773 - Starting create_test_data.py...
2025-02-01 13:08:08,980 - Finished create_test_data.py
2025-02-01 13:08:08,985 - Starting test_pre_process_basic_features.py...
2025-02-01 13:08:10,565 - Finished test_pre_process_basic_features.py
2025-02-01 13:08:10,566 - Starting pre_process_features_no_h2h.py...
2025-02-01 13:08:11,938 - Finished pre_process_features_no_h2h.py
2025-02-01 13:08:11,939 - Starting pre_process_features.py...
2025-02-01 13:08:13,252 - Finished pre_process_features.py
2025-02-01 13:08:13,253 - Starting logistic_regression.py...
2025-02-01 13:08:15,157 - Finished logistic_regression.py
2025-02-01 13:08:15,157 - Starting compare_predictions.py...
2025-02-01 13:08:15,621 - Error running script: Command '['python', 'sportradar/scripts/odds_comparison/compare_predictions_with_odds.py']' returned non-zero exit status 1.
2025-02-01 13:08:15,621 - Sleeping for 5 minutes at 2025-02-01 13:08:15.621915
2025-02-01 13:08:50,295 - Scheduler started
2025-02-01 13:08:50,296 - Starting create_test_data.py...
2025-02-01 13:08:56,712 - Finished create_test_data.py
2025-02-01 13:08:56,713 - Starting test_pre_process_basic_features.py...
2025-02-01 13:08:58,325 - Finished test_pre_process_basic_features.py
2025-02-01 13:08:58,325 - Starting pre_process_features_no_h2h.py...
2025-02-01 13:08:59,657 - Finished pre_process_features_no_h2h.py
2025-02-01 13:08:59,657 - Starting pre_process_features.py...
2025-02-01 13:09:00,963 - Finished pre_process_features.py
2025-02-01 13:09:00,963 - Starting logistic_regression.py...
2025-02-01 13:09:02,942 - Finished logistic_regression.py
2025-02-01 13:09:02,942 - Starting compare_predictions.py...
2025-02-01 13:09:03,636 - Error running script: Command '['python', 'sportradar/scripts/odds_comparison/compare_predictions_with_odds.py']' returned non-zero exit status 1.
2025-02-01 13:09:03,636 - Sleeping for 5 minutes at 2025-02-01 13:09:03.636896
2025-02-01 13:09:39,784 - Scheduler started
2025-02-01 13:09:39,785 - Starting create_test_data.py...
2025-02-01 13:09:45,971 - Finished create_test_data.py
2025-02-01 13:09:45,972 - Starting test_pre_process_basic_features.py...
2025-02-01 13:09:47,582 - Finished test_pre_process_basic_features.py
2025-02-01 13:09:47,582 - Starting pre_process_features_no_h2h.py...
2025-02-01 13:09:48,958 - Finished pre_process_features_no_h2h.py
2025-02-01 13:09:48,958 - Starting pre_process_features.py...
2025-02-01 13:09:50,297 - Finished pre_process_features.py
2025-02-01 13:09:50,298 - Starting logistic_regression.py...
2025-02-01 13:09:52,438 - Finished logistic_regression.py
2025-02-01 13:09:52,438 - Starting compare_predictions.py...
2025-02-01 13:09:52,895 - Error running script: Command '['python', 'sportradar/scripts/odds_comparison/compare_predictions_with_odds.py']' returned non-zero exit status 1.
2025-02-01 13:09:52,896 - Sleeping for 5 minutes at 2025-02-01 13:09:52.896244
2025-02-01 13:10:44,971 - Scheduler started
2025-02-01 13:10:44,971 - Starting create_test_data.py...
2025-02-01 13:10:51,170 - Finished create_test_data.py
2025-02-01 13:10:51,172 - Starting test_pre_process_basic_features.py...
2025-02-01 13:10:52,681 - Finished test_pre_process_basic_features.py
2025-02-01 13:10:52,681 - Starting pre_process_features_no_h2h.py...
2025-02-01 13:10:53,981 - Finished pre_process_features_no_h2h.py
2025-02-01 13:10:53,981 - Starting pre_process_features.py...
2025-02-01 13:10:55,302 - Finished pre_process_features.py
2025-02-01 13:10:55,302 - Starting logistic_regression.py...
2025-02-01 13:10:57,350 - Finished logistic_regression.py
2025-02-01 13:10:57,351 - Starting compare_predictions.py...
2025-02-01 13:10:57,935 - Error running script: Command '['python', 'sportradar/scripts/odds_comparison/compare_predictions_with_odds.py']' returned non-zero exit status 1.
2025-02-01 13:10:57,939 - Sleeping for 5 minutes at 2025-02-01 13:10:57.938000
2025-02-01 13:13:09,242 - Scheduler started
2025-02-01 13:13:09,243 - Starting create_test_data.py...
2025-02-01 13:13:15,483 - Finished create_test_data.py
2025-02-01 13:13:15,483 - Starting test_pre_process_basic_features.py...
2025-02-01 13:13:17,401 - Finished test_pre_process_basic_features.py
2025-02-01 13:13:17,402 - Starting pre_process_features_no_h2h.py...
2025-02-01 13:13:18,694 - Finished pre_process_features_no_h2h.py
2025-02-01 13:13:18,694 - Starting pre_process_features.py...
2025-02-01 13:13:20,017 - Finished pre_process_features.py
2025-02-01 13:13:20,017 - Starting logistic_regression.py...
2025-02-01 13:13:22,156 - Finished logistic_regression.py
2025-02-01 13:13:22,157 - Starting compare_predictions.py...
2025-02-01 13:13:22,624 - Finished compare_predictions.py
2025-02-01 13:13:22,624 - All scripts completed successfully

2025-02-01 13:13:22,624 - Sleeping for 5 minutes at 2025-02-01 13:13:22.624606
2025-02-01 13:18:22,636 - Starting create_test_data.py...
2025-02-01 13:18:32,978 - Finished create_test_data.py
2025-02-01 13:18:32,978 - Starting test_pre_process_basic_features.py...
2025-02-01 13:18:34,851 - Finished test_pre_process_basic_features.py
2025-02-01 13:18:34,851 - Starting pre_process_features_no_h2h.py...
2025-02-01 13:18:36,256 - Finished pre_process_features_no_h2h.py
2025-02-01 13:18:36,257 - Starting pre_process_features.py...
2025-02-01 13:18:37,605 - Finished pre_process_features.py
2025-02-01 13:18:37,605 - Starting logistic_regression.py...
2025-02-01 13:18:39,756 - Finished logistic_regression.py
2025-02-01 13:18:39,757 - Starting compare_predictions.py...
2025-02-01 13:18:40,447 - Error running script: Command '['python', 'sportradar/scripts/odds_comparison/compare_predictions_with_odds.py']' returned non-zero exit status 1.
2025-02-01 13:18:40,447 - Sleeping for 5 minutes at 2025-02-01 13:18:40.447953
2025-02-01 13:19:54,919 - Scheduler started
2025-02-01 13:19:54,920 - Starting create_test_data.py...
2025-02-01 13:20:01,408 - Finished create_test_data.py
2025-02-01 13:20:01,410 - Starting test_pre_process_basic_features.py...
2025-02-01 13:20:02,987 - Finished test_pre_process_basic_features.py
2025-02-01 13:20:02,987 - Starting pre_process_features_no_h2h.py...
2025-02-01 13:20:04,352 - Finished pre_process_features_no_h2h.py
2025-02-01 13:20:04,352 - Starting pre_process_features.py...
2025-02-01 13:20:05,707 - Finished pre_process_features.py
2025-02-01 13:20:05,708 - Starting logistic_regression.py...
2025-02-01 13:20:07,977 - Finished logistic_regression.py
2025-02-01 13:20:07,978 - Starting compare_predictions.py...
2025-02-01 13:20:08,437 - Finished compare_predictions.py
2025-02-01 13:20:08,437 - All scripts completed successfully

2025-02-01 13:20:08,437 - Sleeping for 5 minutes at 2025-02-01 13:20:08.437809
2025-02-01 13:25:08,376 - Starting create_test_data.py...
2025-02-01 13:25:14,689 - Finished create_test_data.py
2025-02-01 13:25:14,689 - Starting test_pre_process_basic_features.py...
2025-02-01 13:25:16,292 - Finished test_pre_process_basic_features.py
2025-02-01 13:25:16,293 - Starting pre_process_features_no_h2h.py...
2025-02-01 13:25:17,868 - Finished pre_process_features_no_h2h.py
2025-02-01 13:25:17,869 - Starting pre_process_features.py...
2025-02-01 13:25:19,258 - Finished pre_process_features.py
2025-02-01 13:25:19,258 - Starting logistic_regression.py...
2025-02-01 13:25:21,467 - Finished logistic_regression.py
2025-02-01 13:25:21,468 - Starting compare_predictions.py...
2025-02-01 13:25:22,105 - Finished compare_predictions.py
2025-02-01 13:25:22,112 - All scripts completed successfully

2025-02-01 13:25:22,123 - Sleeping for 5 minutes at 2025-02-01 13:25:22.115998
2025-02-01 13:30:22,126 - Starting create_test_data.py...
2025-02-01 13:30:23,393 - Finished create_test_data.py
2025-02-01 13:30:23,394 - Starting test_pre_process_basic_features.py...
2025-02-01 13:30:25,241 - Finished test_pre_process_basic_features.py
2025-02-01 13:30:25,241 - Starting pre_process_features_no_h2h.py...
2025-02-01 13:30:26,617 - Finished pre_process_features_no_h2h.py
2025-02-01 13:30:26,618 - Starting pre_process_features.py...
2025-02-01 13:30:28,244 - Finished pre_process_features.py
2025-02-01 13:30:28,245 - Starting logistic_regression.py...
2025-02-01 13:30:30,483 - Finished logistic_regression.py
2025-02-01 13:30:30,484 - Starting compare_predictions.py...
2025-02-01 13:30:30,968 - Finished compare_predictions.py
2025-02-01 13:30:30,968 - All scripts completed successfully

2025-02-01 13:30:30,969 - Sleeping for 5 minutes at 2025-02-01 13:30:30.968969
2025-02-01 13:35:30,975 - Starting create_test_data.py...
2025-02-01 13:35:32,286 - Finished create_test_data.py
2025-02-01 13:35:32,289 - Starting test_pre_process_basic_features.py...
2025-02-01 13:35:34,033 - Finished test_pre_process_basic_features.py
2025-02-01 13:35:34,033 - Starting pre_process_features_no_h2h.py...
2025-02-01 13:35:35,373 - Finished pre_process_features_no_h2h.py
2025-02-01 13:35:35,374 - Starting pre_process_features.py...
2025-02-01 13:35:36,730 - Finished pre_process_features.py
2025-02-01 13:35:36,730 - Starting logistic_regression.py...
2025-02-01 13:35:38,679 - Finished logistic_regression.py
2025-02-01 13:35:38,680 - Starting compare_predictions.py...
2025-02-01 13:35:39,306 - Finished compare_predictions.py
2025-02-01 13:35:39,307 - All scripts completed successfully

2025-02-01 13:35:39,310 - Sleeping for 5 minutes at 2025-02-01 13:35:39.309776
2025-02-01 13:40:39,319 - Starting create_test_data.py...
2025-02-01 13:40:40,547 - Finished create_test_data.py
2025-02-01 13:40:40,548 - Starting test_pre_process_basic_features.py...
2025-02-01 13:40:42,160 - Finished test_pre_process_basic_features.py
2025-02-01 13:40:42,160 - Starting pre_process_features_no_h2h.py...
2025-02-01 13:40:43,824 - Finished pre_process_features_no_h2h.py
2025-02-01 13:40:43,824 - Starting pre_process_features.py...
2025-02-01 13:40:44,964 - Finished pre_process_features.py
2025-02-01 13:40:44,964 - Starting logistic_regression.py...
2025-02-01 13:40:47,105 - Finished logistic_regression.py
2025-02-01 13:40:47,105 - Starting compare_predictions.py...
2025-02-01 13:40:47,728 - Finished compare_predictions.py
2025-02-01 13:40:47,731 - All scripts completed successfully

2025-02-01 13:40:47,739 - Sleeping for 5 minutes at 2025-02-01 13:40:47.737547
2025-02-01 13:45:47,753 - Starting create_test_data.py...
2025-02-01 13:45:49,069 - Finished create_test_data.py
2025-02-01 13:45:49,084 - Starting test_pre_process_basic_features.py...
2025-02-01 13:45:50,886 - Finished test_pre_process_basic_features.py
2025-02-01 13:45:50,887 - Starting pre_process_features_no_h2h.py...
2025-02-01 13:45:52,228 - Finished pre_process_features_no_h2h.py
2025-02-01 13:45:52,229 - Starting pre_process_features.py...
2025-02-01 13:45:53,834 - Finished pre_process_features.py
2025-02-01 13:45:53,835 - Starting logistic_regression.py...
2025-02-01 13:45:55,976 - Finished logistic_regression.py
2025-02-01 13:45:55,976 - Starting compare_predictions.py...
2025-02-01 13:45:56,670 - Finished compare_predictions.py
2025-02-01 13:45:56,670 - All scripts completed successfully

2025-02-01 13:45:56,671 - Sleeping for 5 minutes at 2025-02-01 13:45:56.671201
2025-02-01 13:50:56,673 - Starting create_test_data.py...
2025-02-01 13:50:57,763 - Finished create_test_data.py
2025-02-01 13:50:57,763 - Starting test_pre_process_basic_features.py...
2025-02-01 13:50:59,592 - Finished test_pre_process_basic_features.py
2025-02-01 13:50:59,592 - Starting pre_process_features_no_h2h.py...
2025-02-01 13:51:01,155 - Finished pre_process_features_no_h2h.py
2025-02-01 13:51:01,156 - Starting pre_process_features.py...
2025-02-01 13:51:02,587 - Finished pre_process_features.py
2025-02-01 13:51:02,588 - Starting logistic_regression.py...
2025-02-01 13:51:04,673 - Finished logistic_regression.py
2025-02-01 13:51:04,674 - Starting compare_predictions.py...
2025-02-01 13:51:05,357 - Finished compare_predictions.py
2025-02-01 13:51:05,357 - All scripts completed successfully

2025-02-01 13:51:05,358 - Sleeping for 5 minutes at 2025-02-01 13:51:05.358197
2025-02-01 13:56:05,369 - Starting create_test_data.py...
2025-02-01 13:56:06,654 - Finished create_test_data.py
2025-02-01 13:56:06,654 - Starting test_pre_process_basic_features.py...
2025-02-01 13:56:08,489 - Finished test_pre_process_basic_features.py
2025-02-01 13:56:08,489 - Starting pre_process_features_no_h2h.py...
2025-02-01 13:56:10,074 - Finished pre_process_features_no_h2h.py
2025-02-01 13:56:10,074 - Starting pre_process_features.py...
2025-02-01 13:56:11,453 - Finished pre_process_features.py
2025-02-01 13:56:11,453 - Starting logistic_regression.py...
2025-02-01 13:56:13,846 - Finished logistic_regression.py
2025-02-01 13:56:13,846 - Starting compare_predictions.py...
2025-02-01 13:56:14,519 - Finished compare_predictions.py
2025-02-01 13:56:14,519 - All scripts completed successfully

2025-02-01 13:56:14,519 - Sleeping for 5 minutes at 2025-02-01 13:56:14.519948
2025-02-01 14:01:14,530 - Starting create_test_data.py...
2025-02-01 14:01:15,814 - Finished create_test_data.py
2025-02-01 14:01:15,815 - Starting test_pre_process_basic_features.py...
2025-02-01 14:01:17,881 - Finished test_pre_process_basic_features.py
2025-02-01 14:01:17,881 - Starting pre_process_features_no_h2h.py...
2025-02-01 14:01:19,568 - Finished pre_process_features_no_h2h.py
2025-02-01 14:01:19,569 - Starting pre_process_features.py...
2025-02-01 14:01:21,042 - Finished pre_process_features.py
2025-02-01 14:01:21,042 - Starting logistic_regression.py...
2025-02-01 14:01:23,408 - Finished logistic_regression.py
2025-02-01 14:01:23,412 - Starting compare_predictions.py...
2025-02-01 14:01:24,094 - Finished compare_predictions.py
2025-02-01 14:01:24,097 - All scripts completed successfully

2025-02-01 14:01:24,098 - Sleeping for 5 minutes at 2025-02-01 14:01:24.098561
2025-02-01 14:06:24,103 - Starting create_test_data.py...
2025-02-01 14:06:25,180 - Finished create_test_data.py
2025-02-01 14:06:25,181 - Starting test_pre_process_basic_features.py...
2025-02-01 14:06:26,971 - Finished test_pre_process_basic_features.py
2025-02-01 14:06:26,971 - Starting pre_process_features_no_h2h.py...
2025-02-01 14:06:28,404 - Finished pre_process_features_no_h2h.py
2025-02-01 14:06:28,404 - Starting pre_process_features.py...
2025-02-01 14:06:30,105 - Finished pre_process_features.py
2025-02-01 14:06:30,106 - Starting logistic_regression.py...
2025-02-01 14:06:32,218 - Finished logistic_regression.py
2025-02-01 14:06:32,218 - Starting compare_predictions.py...
2025-02-01 14:06:32,940 - Finished compare_predictions.py
2025-02-01 14:06:32,944 - All scripts completed successfully

2025-02-01 14:06:32,945 - Sleeping for 5 minutes at 2025-02-01 14:06:32.945022
2025-02-01 14:11:32,955 - Starting create_test_data.py...
2025-02-01 14:11:34,065 - Finished create_test_data.py
2025-02-01 14:11:34,066 - Starting test_pre_process_basic_features.py...
2025-02-01 14:11:36,162 - Finished test_pre_process_basic_features.py
2025-02-01 14:11:36,162 - Starting pre_process_features_no_h2h.py...
2025-02-01 14:11:37,779 - Finished pre_process_features_no_h2h.py
2025-02-01 14:11:37,779 - Starting pre_process_features.py...
2025-02-01 14:11:39,137 - Finished pre_process_features.py
2025-02-01 14:11:39,138 - Starting logistic_regression.py...
2025-02-01 14:11:41,295 - Finished logistic_regression.py
2025-02-01 14:11:41,295 - Starting compare_predictions.py...
2025-02-01 14:11:42,010 - Finished compare_predictions.py
2025-02-01 14:11:42,011 - All scripts completed successfully

2025-02-01 14:11:42,011 - Sleeping for 5 minutes at 2025-02-01 14:11:42.011072
2025-02-01 14:16:42,022 - Starting create_test_data.py...
2025-02-01 14:16:43,252 - Finished create_test_data.py
2025-02-01 14:16:43,253 - Starting test_pre_process_basic_features.py...
2025-02-01 14:16:45,141 - Finished test_pre_process_basic_features.py
2025-02-01 14:16:45,141 - Starting pre_process_features_no_h2h.py...
2025-02-01 14:16:46,506 - Finished pre_process_features_no_h2h.py
2025-02-01 14:16:46,506 - Starting pre_process_features.py...
2025-02-01 14:16:48,164 - Finished pre_process_features.py
2025-02-01 14:16:48,165 - Starting logistic_regression.py...
2025-02-01 14:16:50,501 - Finished logistic_regression.py
2025-02-01 14:16:50,501 - Starting compare_predictions.py...
2025-02-01 14:16:51,082 - Finished compare_predictions.py
2025-02-01 14:16:51,098 - All scripts completed successfully

2025-02-01 14:16:51,102 - Sleeping for 5 minutes at 2025-02-01 14:16:51.099901
2025-02-01 14:21:51,117 - Starting create_test_data.py...
2025-02-01 14:21:52,344 - Finished create_test_data.py
2025-02-01 14:21:52,344 - Starting test_pre_process_basic_features.py...
2025-02-01 14:21:54,228 - Finished test_pre_process_basic_features.py
2025-02-01 14:21:54,228 - Starting pre_process_features_no_h2h.py...
2025-02-01 14:21:55,938 - Finished pre_process_features_no_h2h.py
2025-02-01 14:21:55,939 - Starting pre_process_features.py...
2025-02-01 14:21:57,252 - Finished pre_process_features.py
2025-02-01 14:21:57,253 - Starting logistic_regression.py...
2025-02-01 14:21:59,327 - Finished logistic_regression.py
2025-02-01 14:21:59,327 - Starting compare_predictions.py...
2025-02-01 14:21:59,819 - Finished compare_predictions.py
2025-02-01 14:21:59,826 - All scripts completed successfully

2025-02-01 14:21:59,831 - Sleeping for 5 minutes at 2025-02-01 14:21:59.828824
2025-02-01 14:26:59,843 - Starting create_test_data.py...
2025-02-01 14:27:00,923 - Finished create_test_data.py
2025-02-01 14:27:00,924 - Starting test_pre_process_basic_features.py...
2025-02-01 14:27:02,745 - Finished test_pre_process_basic_features.py
2025-02-01 14:27:02,746 - Starting pre_process_features_no_h2h.py...
2025-02-01 14:27:04,038 - Finished pre_process_features_no_h2h.py
2025-02-01 14:27:04,038 - Starting pre_process_features.py...
2025-02-01 14:27:05,556 - Finished pre_process_features.py
2025-02-01 14:27:05,557 - Starting logistic_regression.py...
2025-02-01 14:27:07,736 - Finished logistic_regression.py
2025-02-01 14:27:07,737 - Starting compare_predictions.py...
2025-02-01 14:27:08,420 - Finished compare_predictions.py
2025-02-01 14:27:08,421 - All scripts completed successfully

2025-02-01 14:27:08,421 - Sleeping for 5 minutes at 2025-02-01 14:27:08.421140
2025-02-01 14:30:53,560 - Scheduler started
2025-02-01 14:30:53,561 - Starting create_test_data.py...
2025-02-01 14:30:54,980 - Finished create_test_data.py
2025-02-01 14:30:54,980 - Starting test_pre_process_basic_features.py...
2025-02-01 14:30:56,943 - Finished test_pre_process_basic_features.py
2025-02-01 14:30:56,944 - Starting pre_process_features_no_h2h.py...
2025-02-01 14:30:58,272 - Finished pre_process_features_no_h2h.py
2025-02-01 14:30:58,272 - Starting pre_process_features.py...
2025-02-01 14:30:59,844 - Finished pre_process_features.py
2025-02-01 14:30:59,844 - Starting logistic_regression.py...
2025-02-01 14:31:02,402 - Finished logistic_regression.py
2025-02-01 14:31:02,402 - Starting compare_predictions.py...
2025-02-01 14:31:03,383 - Finished compare_predictions.py
2025-02-01 14:31:03,384 - All scripts completed successfully

2025-02-01 14:31:03,384 - Sleeping for 5 minutes at 2025-02-01 14:31:03.384290
2025-02-01 14:33:03,737 - Scheduler started
2025-02-01 14:33:03,738 - Starting create_test_data.py...
2025-02-01 14:33:09,503 - Finished create_test_data.py
2025-02-01 14:33:09,504 - Starting test_pre_process_basic_features.py...
2025-02-01 14:33:11,431 - Finished test_pre_process_basic_features.py
2025-02-01 14:33:11,431 - Starting pre_process_features_no_h2h.py...
2025-02-01 14:33:13,103 - Finished pre_process_features_no_h2h.py
2025-02-01 14:33:13,103 - Starting pre_process_features.py...
2025-02-01 14:33:14,435 - Finished pre_process_features.py
2025-02-01 14:33:14,435 - Starting logistic_regression.py...
2025-02-01 14:33:17,026 - Finished logistic_regression.py
2025-02-01 14:33:17,026 - Starting compare_predictions.py...
2025-02-01 14:33:17,531 - Finished compare_predictions.py
2025-02-01 14:33:17,533 - All scripts completed successfully

2025-02-01 14:33:17,533 - Sleeping for 5 minutes at 2025-02-01 14:33:17.533852
2025-02-01 14:38:17,539 - Starting create_test_data.py...
2025-02-01 14:38:23,903 - Finished create_test_data.py
2025-02-01 14:38:23,906 - Starting test_pre_process_basic_features.py...
2025-02-01 14:38:25,833 - Finished test_pre_process_basic_features.py
2025-02-01 14:38:25,833 - Starting pre_process_features_no_h2h.py...
2025-02-01 14:38:27,388 - Finished pre_process_features_no_h2h.py
2025-02-01 14:38:27,388 - Starting pre_process_features.py...
2025-02-01 14:38:28,900 - Finished pre_process_features.py
2025-02-01 14:38:28,901 - Starting logistic_regression.py...
2025-02-01 14:38:30,971 - Finished logistic_regression.py
2025-02-01 14:38:30,971 - Starting compare_predictions.py...
2025-02-01 14:38:31,674 - Finished compare_predictions.py
2025-02-01 14:38:31,677 - All scripts completed successfully

2025-02-01 14:38:31,677 - Sleeping for 5 minutes at 2025-02-01 14:38:31.677365
2025-02-01 14:43:31,688 - Starting create_test_data.py...
2025-02-01 14:43:37,951 - Finished create_test_data.py
2025-02-01 14:43:37,952 - Starting test_pre_process_basic_features.py...
2025-02-01 14:43:39,957 - Finished test_pre_process_basic_features.py
2025-02-01 14:43:39,957 - Starting pre_process_features_no_h2h.py...
2025-02-01 14:43:41,494 - Finished pre_process_features_no_h2h.py
2025-02-01 14:43:41,494 - Starting pre_process_features.py...
2025-02-01 14:43:42,819 - Finished pre_process_features.py
2025-02-01 14:43:42,819 - Starting logistic_regression.py...
2025-02-01 14:43:44,925 - Finished logistic_regression.py
2025-02-01 14:43:44,925 - Starting compare_predictions.py...
2025-02-01 14:43:45,612 - Finished compare_predictions.py
2025-02-01 14:43:45,613 - All scripts completed successfully

2025-02-01 14:43:45,613 - Sleeping for 5 minutes at 2025-02-01 14:43:45.613506
2025-02-01 14:48:45,631 - Starting create_test_data.py...
2025-02-01 14:48:52,375 - Finished create_test_data.py
2025-02-01 14:48:52,376 - Starting test_pre_process_basic_features.py...
2025-02-01 14:48:54,588 - Finished test_pre_process_basic_features.py
2025-02-01 14:48:54,589 - Starting pre_process_features_no_h2h.py...
2025-02-01 14:48:55,878 - Finished pre_process_features_no_h2h.py
2025-02-01 14:48:55,878 - Starting pre_process_features.py...
2025-02-01 14:48:57,405 - Finished pre_process_features.py
2025-02-01 14:48:57,405 - Starting logistic_regression.py...
2025-02-01 14:48:59,565 - Finished logistic_regression.py
2025-02-01 14:48:59,566 - Starting compare_predictions.py...
2025-02-01 14:49:00,135 - Finished compare_predictions.py
2025-02-01 14:49:00,141 - All scripts completed successfully

2025-02-01 14:49:00,147 - Sleeping for 5 minutes at 2025-02-01 14:49:00.145307
2025-02-01 14:54:00,162 - Starting create_test_data.py...
2025-02-01 14:54:06,486 - Finished create_test_data.py
2025-02-01 14:54:06,486 - Starting test_pre_process_basic_features.py...
2025-02-01 14:54:08,334 - Finished test_pre_process_basic_features.py
2025-02-01 14:54:08,335 - Starting pre_process_features_no_h2h.py...
2025-02-01 14:54:09,736 - Finished pre_process_features_no_h2h.py
2025-02-01 14:54:09,736 - Starting pre_process_features.py...
2025-02-01 14:54:11,263 - Finished pre_process_features.py
2025-02-01 14:54:11,264 - Starting logistic_regression.py...
2025-02-01 14:54:13,354 - Finished logistic_regression.py
2025-02-01 14:54:13,354 - Starting compare_predictions.py...
2025-02-01 14:54:14,056 - Finished compare_predictions.py
2025-02-01 14:54:14,060 - All scripts completed successfully

2025-02-01 14:54:14,060 - Sleeping for 5 minutes at 2025-02-01 14:54:14.060634
2025-02-01 14:59:14,071 - Starting create_test_data.py...
2025-02-01 14:59:20,716 - Finished create_test_data.py
2025-02-01 14:59:20,717 - Starting test_pre_process_basic_features.py...
2025-02-01 14:59:22,805 - Finished test_pre_process_basic_features.py
2025-02-01 14:59:22,805 - Starting pre_process_features_no_h2h.py...
2025-02-01 14:59:24,494 - Finished pre_process_features_no_h2h.py
2025-02-01 14:59:24,494 - Starting pre_process_features.py...
2025-02-01 14:59:26,031 - Finished pre_process_features.py
2025-02-01 14:59:26,031 - Starting logistic_regression.py...
2025-02-01 14:59:28,136 - Finished logistic_regression.py
2025-02-01 14:59:28,136 - Starting compare_predictions.py...
2025-02-01 14:59:28,841 - Finished compare_predictions.py
2025-02-01 14:59:28,842 - All scripts completed successfully

2025-02-01 14:59:28,842 - Sleeping for 5 minutes at 2025-02-01 14:59:28.842435
2025-02-01 15:04:28,852 - Starting create_test_data.py...
2025-02-01 15:04:35,928 - Finished create_test_data.py
2025-02-01 15:04:35,929 - Starting test_pre_process_basic_features.py...
2025-02-01 15:04:37,944 - Finished test_pre_process_basic_features.py
2025-02-01 15:04:37,945 - Starting pre_process_features_no_h2h.py...
2025-02-01 15:04:39,641 - Finished pre_process_features_no_h2h.py
2025-02-01 15:04:39,642 - Starting pre_process_features.py...
2025-02-01 15:04:41,316 - Finished pre_process_features.py
2025-02-01 15:04:41,316 - Starting logistic_regression.py...
2025-02-01 15:04:43,492 - Finished logistic_regression.py
2025-02-01 15:04:43,493 - Starting compare_predictions.py...
2025-02-01 15:04:44,201 - Finished compare_predictions.py
2025-02-01 15:04:44,203 - All scripts completed successfully

2025-02-01 15:04:44,203 - Sleeping for 5 minutes at 2025-02-01 15:04:44.203490
2025-02-01 15:09:44,214 - Starting create_test_data.py...
2025-02-01 15:09:50,762 - Finished create_test_data.py
2025-02-01 15:09:50,763 - Starting test_pre_process_basic_features.py...
2025-02-01 15:09:52,837 - Finished test_pre_process_basic_features.py
2025-02-01 15:09:52,837 - Starting pre_process_features_no_h2h.py...
2025-02-01 15:09:54,536 - Finished pre_process_features_no_h2h.py
2025-02-01 15:09:54,537 - Starting pre_process_features.py...
2025-02-01 15:09:56,135 - Finished pre_process_features.py
2025-02-01 15:09:56,136 - Starting logistic_regression.py...
2025-02-01 15:09:58,260 - Finished logistic_regression.py
2025-02-01 15:09:58,261 - Starting compare_predictions.py...
2025-02-01 15:09:59,003 - Finished compare_predictions.py
2025-02-01 15:09:59,004 - All scripts completed successfully

2025-02-01 15:09:59,004 - Sleeping for 5 minutes at 2025-02-01 15:09:59.004548
2025-02-01 15:14:59,036 - Starting create_test_data.py...
2025-02-01 15:15:05,670 - Finished create_test_data.py
2025-02-01 15:15:05,672 - Starting test_pre_process_basic_features.py...
2025-02-01 15:15:07,839 - Finished test_pre_process_basic_features.py
2025-02-01 15:15:07,840 - Starting pre_process_features_no_h2h.py...
2025-02-01 15:15:09,155 - Finished pre_process_features_no_h2h.py
2025-02-01 15:15:09,155 - Starting pre_process_features.py...
2025-02-01 15:15:10,699 - Finished pre_process_features.py
2025-02-01 15:15:10,699 - Starting logistic_regression.py...
2025-02-01 15:15:12,774 - Finished logistic_regression.py
2025-02-01 15:15:12,774 - Starting compare_predictions.py...
2025-02-01 15:15:13,469 - Finished compare_predictions.py
2025-02-01 15:15:13,471 - All scripts completed successfully

2025-02-01 15:15:13,471 - Sleeping for 5 minutes at 2025-02-01 15:15:13.471676
2025-02-01 15:20:13,486 - Starting create_test_data.py...
2025-02-01 15:20:19,473 - Finished create_test_data.py
2025-02-01 15:20:19,474 - Starting test_pre_process_basic_features.py...
2025-02-01 15:20:21,380 - Finished test_pre_process_basic_features.py
2025-02-01 15:20:21,380 - Starting pre_process_features_no_h2h.py...
2025-02-01 15:20:22,727 - Finished pre_process_features_no_h2h.py
2025-02-01 15:20:22,727 - Starting pre_process_features.py...
2025-02-01 15:20:24,431 - Finished pre_process_features.py
2025-02-01 15:20:24,431 - Starting logistic_regression.py...
2025-02-01 15:20:26,503 - Finished logistic_regression.py
2025-02-01 15:20:26,503 - Starting compare_predictions.py...
2025-02-01 15:20:27,204 - Finished compare_predictions.py
2025-02-01 15:20:27,204 - All scripts completed successfully

2025-02-01 15:20:27,204 - Sleeping for 5 minutes at 2025-02-01 15:20:27.204520
2025-02-01 15:25:27,216 - Starting create_test_data.py...
2025-02-01 15:25:33,150 - Finished create_test_data.py
2025-02-01 15:25:33,150 - Starting test_pre_process_basic_features.py...
2025-02-01 15:25:34,956 - Finished test_pre_process_basic_features.py
2025-02-01 15:25:34,956 - Starting pre_process_features_no_h2h.py...
2025-02-01 15:25:36,528 - Finished pre_process_features_no_h2h.py
2025-02-01 15:25:36,528 - Starting pre_process_features.py...
2025-02-01 15:25:37,897 - Finished pre_process_features.py
2025-02-01 15:25:37,897 - Starting logistic_regression.py...
2025-02-01 15:25:40,210 - Finished logistic_regression.py
2025-02-01 15:25:40,210 - Starting compare_predictions.py...
2025-02-01 15:25:40,913 - Finished compare_predictions.py
2025-02-01 15:25:40,913 - All scripts completed successfully

2025-02-01 15:25:40,913 - Sleeping for 5 minutes at 2025-02-01 15:25:40.913458
2025-02-01 15:30:40,927 - Starting create_test_data.py...
2025-02-01 15:30:47,220 - Finished create_test_data.py
2025-02-01 15:30:47,221 - Starting test_pre_process_basic_features.py...
2025-02-01 15:30:48,908 - Finished test_pre_process_basic_features.py
2025-02-01 15:30:48,908 - Starting pre_process_features_no_h2h.py...
2025-02-01 15:30:50,491 - Finished pre_process_features_no_h2h.py
2025-02-01 15:30:50,491 - Starting pre_process_features.py...
2025-02-01 15:30:52,231 - Finished pre_process_features.py
2025-02-01 15:30:52,232 - Starting logistic_regression.py...
2025-02-01 15:30:54,352 - Finished logistic_regression.py
2025-02-01 15:30:54,353 - Starting compare_predictions.py...
2025-02-01 15:30:55,095 - Finished compare_predictions.py
2025-02-01 15:30:55,099 - All scripts completed successfully

2025-02-01 15:30:55,099 - Sleeping for 5 minutes at 2025-02-01 15:30:55.099712
2025-02-01 15:35:55,111 - Starting create_test_data.py...
2025-02-01 15:36:01,516 - Finished create_test_data.py
2025-02-01 15:36:01,517 - Starting test_pre_process_basic_features.py...
2025-02-01 15:36:03,442 - Finished test_pre_process_basic_features.py
2025-02-01 15:36:03,443 - Starting pre_process_features_no_h2h.py...
2025-02-01 15:36:05,124 - Finished pre_process_features_no_h2h.py
2025-02-01 15:36:05,124 - Starting pre_process_features.py...
2025-02-01 15:36:06,503 - Finished pre_process_features.py
2025-02-01 15:36:06,503 - Starting logistic_regression.py...
2025-02-01 15:36:08,814 - Finished logistic_regression.py
2025-02-01 15:36:08,814 - Starting compare_predictions.py...
2025-02-01 15:36:09,551 - Finished compare_predictions.py
2025-02-01 15:36:09,551 - All scripts completed successfully

2025-02-01 15:36:09,551 - Sleeping for 5 minutes at 2025-02-01 15:36:09.551828
2025-02-01 15:41:09,586 - Starting create_test_data.py...
2025-02-01 15:41:17,518 - Finished create_test_data.py
2025-02-01 15:41:17,519 - Starting test_pre_process_basic_features.py...
2025-02-01 15:41:19,467 - Finished test_pre_process_basic_features.py
2025-02-01 15:41:19,467 - Starting pre_process_features_no_h2h.py...
2025-02-01 15:41:21,185 - Finished pre_process_features_no_h2h.py
2025-02-01 15:41:21,185 - Starting pre_process_features.py...
2025-02-01 15:41:22,581 - Finished pre_process_features.py
2025-02-01 15:41:22,582 - Starting logistic_regression.py...
2025-02-01 15:41:24,943 - Finished logistic_regression.py
2025-02-01 15:41:24,944 - Starting compare_predictions.py...
2025-02-01 15:41:25,437 - Finished compare_predictions.py
2025-02-01 15:41:25,437 - All scripts completed successfully

2025-02-01 15:41:25,437 - Sleeping for 5 minutes at 2025-02-01 15:41:25.437889
2025-02-01 15:46:25,451 - Starting create_test_data.py...
2025-02-01 15:46:31,698 - Finished create_test_data.py
2025-02-01 15:46:31,699 - Starting test_pre_process_basic_features.py...
2025-02-01 15:46:33,328 - Finished test_pre_process_basic_features.py
2025-02-01 15:46:33,329 - Starting pre_process_features_no_h2h.py...
2025-02-01 15:46:34,645 - Finished pre_process_features_no_h2h.py
2025-02-01 15:46:34,645 - Starting pre_process_features.py...
2025-02-01 15:46:36,016 - Finished pre_process_features.py
2025-02-01 15:46:36,017 - Starting logistic_regression.py...
2025-02-01 15:46:38,195 - Finished logistic_regression.py
2025-02-01 15:46:38,195 - Starting compare_predictions.py...
2025-02-01 15:46:38,756 - Finished compare_predictions.py
2025-02-01 15:46:38,757 - All scripts completed successfully

2025-02-01 15:46:38,757 - Sleeping for 5 minutes at 2025-02-01 15:46:38.757506
2025-02-01 15:51:38,775 - Starting create_test_data.py...
2025-02-01 15:51:45,334 - Finished create_test_data.py
2025-02-01 15:51:45,335 - Starting test_pre_process_basic_features.py...
2025-02-01 15:51:47,235 - Finished test_pre_process_basic_features.py
2025-02-01 15:51:47,236 - Starting pre_process_features_no_h2h.py...
2025-02-01 15:51:48,644 - Finished pre_process_features_no_h2h.py
2025-02-01 15:51:48,644 - Starting pre_process_features.py...
2025-02-01 15:51:50,072 - Finished pre_process_features.py
2025-02-01 15:51:50,073 - Starting logistic_regression.py...
2025-02-01 15:51:52,462 - Finished logistic_regression.py
2025-02-01 15:51:52,462 - Starting compare_predictions.py...
2025-02-01 15:51:53,217 - Finished compare_predictions.py
2025-02-01 15:51:53,218 - All scripts completed successfully

2025-02-01 15:51:53,218 - Sleeping for 5 minutes at 2025-02-01 15:51:53.218315
2025-02-01 15:56:53,239 - Starting create_test_data.py...
2025-02-01 15:56:59,943 - Finished create_test_data.py
2025-02-01 15:56:59,943 - Starting test_pre_process_basic_features.py...
2025-02-01 15:57:02,088 - Finished test_pre_process_basic_features.py
2025-02-01 15:57:02,088 - Starting pre_process_features_no_h2h.py...
2025-02-01 15:57:03,443 - Finished pre_process_features_no_h2h.py
2025-02-01 15:57:03,443 - Starting pre_process_features.py...
2025-02-01 15:57:05,051 - Finished pre_process_features.py
2025-02-01 15:57:05,052 - Starting logistic_regression.py...
2025-02-01 15:57:07,376 - Finished logistic_regression.py
2025-02-01 15:57:07,377 - Starting compare_predictions.py...
2025-02-01 15:57:08,125 - Finished compare_predictions.py
2025-02-01 15:57:08,125 - All scripts completed successfully

2025-02-01 15:57:08,125 - Sleeping for 5 minutes at 2025-02-01 15:57:08.125825
2025-02-01 16:02:08,130 - Starting create_test_data.py...
2025-02-01 16:02:13,962 - Finished create_test_data.py
2025-02-01 16:02:13,966 - Starting test_pre_process_basic_features.py...
2025-02-01 16:02:15,794 - Finished test_pre_process_basic_features.py
2025-02-01 16:02:15,795 - Starting pre_process_features_no_h2h.py...
2025-02-01 16:02:17,170 - Finished pre_process_features_no_h2h.py
2025-02-01 16:02:17,170 - Starting pre_process_features.py...
2025-02-01 16:02:18,821 - Finished pre_process_features.py
2025-02-01 16:02:18,821 - Starting logistic_regression.py...
2025-02-01 16:02:20,919 - Finished logistic_regression.py
2025-02-01 16:02:20,919 - Starting compare_predictions.py...
2025-02-01 16:02:21,456 - Finished compare_predictions.py
2025-02-01 16:02:21,460 - All scripts completed successfully

2025-02-01 16:02:21,460 - Sleeping for 5 minutes at 2025-02-01 16:02:21.460510
2025-02-01 16:07:21,474 - Starting create_test_data.py...
2025-02-01 16:07:27,939 - Finished create_test_data.py
2025-02-01 16:07:27,940 - Starting test_pre_process_basic_features.py...
2025-02-01 16:07:29,930 - Finished test_pre_process_basic_features.py
2025-02-01 16:07:29,930 - Starting pre_process_features_no_h2h.py...
2025-02-01 16:07:31,325 - Finished pre_process_features_no_h2h.py
2025-02-01 16:07:31,326 - Starting pre_process_features.py...
2025-02-01 16:07:32,889 - Finished pre_process_features.py
2025-02-01 16:07:32,889 - Starting logistic_regression.py...
2025-02-01 16:07:35,019 - Finished logistic_regression.py
2025-02-01 16:07:35,019 - Starting compare_predictions.py...
2025-02-01 16:07:35,746 - Finished compare_predictions.py
2025-02-01 16:07:35,754 - All scripts completed successfully

2025-02-01 16:07:35,761 - Sleeping for 5 minutes at 2025-02-01 16:07:35.761757
2025-02-01 16:12:35,771 - Starting create_test_data.py...
2025-02-01 16:12:42,194 - Finished create_test_data.py
2025-02-01 16:12:42,195 - Starting test_pre_process_basic_features.py...
2025-02-01 16:12:44,069 - Finished test_pre_process_basic_features.py
2025-02-01 16:12:44,069 - Starting pre_process_features_no_h2h.py...
2025-02-01 16:12:45,412 - Finished pre_process_features_no_h2h.py
2025-02-01 16:12:45,413 - Starting pre_process_features.py...
2025-02-01 16:12:47,114 - Finished pre_process_features.py
2025-02-01 16:12:47,115 - Starting logistic_regression.py...
2025-02-01 16:12:49,251 - Finished logistic_regression.py
2025-02-01 16:12:49,251 - Starting compare_predictions.py...
2025-02-01 16:12:50,005 - Finished compare_predictions.py
2025-02-01 16:12:50,008 - All scripts completed successfully

2025-02-01 16:12:50,008 - Sleeping for 5 minutes at 2025-02-01 16:12:50.008327
2025-02-01 16:17:50,022 - Starting create_test_data.py...
2025-02-01 16:17:58,197 - Finished create_test_data.py
2025-02-01 16:17:58,198 - Starting test_pre_process_basic_features.py...
2025-02-01 16:18:00,010 - Finished test_pre_process_basic_features.py
2025-02-01 16:18:00,010 - Starting pre_process_features_no_h2h.py...
2025-02-01 16:18:01,411 - Finished pre_process_features_no_h2h.py
2025-02-01 16:18:01,411 - Starting pre_process_features.py...
2025-02-01 16:18:02,705 - Finished pre_process_features.py
2025-02-01 16:18:02,706 - Starting logistic_regression.py...
2025-02-01 16:18:04,944 - Finished logistic_regression.py
2025-02-01 16:18:04,944 - Starting compare_predictions.py...
2025-02-01 16:18:05,674 - Finished compare_predictions.py
2025-02-01 16:18:05,674 - All scripts completed successfully

2025-02-01 16:18:05,674 - Sleeping for 5 minutes at 2025-02-01 16:18:05.674650
2025-02-01 16:23:05,684 - Starting create_test_data.py...
2025-02-01 16:23:12,002 - Finished create_test_data.py
2025-02-01 16:23:12,003 - Starting test_pre_process_basic_features.py...
2025-02-01 16:23:13,939 - Finished test_pre_process_basic_features.py
2025-02-01 16:23:13,939 - Starting pre_process_features_no_h2h.py...
2025-02-01 16:23:15,497 - Finished pre_process_features_no_h2h.py
2025-02-01 16:23:15,497 - Starting pre_process_features.py...
2025-02-01 16:23:17,225 - Finished pre_process_features.py
2025-02-01 16:23:17,226 - Starting logistic_regression.py...
2025-02-01 16:23:19,373 - Finished logistic_regression.py
2025-02-01 16:23:19,374 - Starting compare_predictions.py...
2025-02-01 16:23:20,112 - Finished compare_predictions.py
2025-02-01 16:23:20,112 - All scripts completed successfully

2025-02-01 16:23:20,113 - Sleeping for 5 minutes at 2025-02-01 16:23:20.113022
2025-02-01 16:28:20,101 - Starting create_test_data.py...
2025-02-01 16:28:26,872 - Finished create_test_data.py
2025-02-01 16:28:26,873 - Starting test_pre_process_basic_features.py...
2025-02-01 16:28:28,696 - Finished test_pre_process_basic_features.py
2025-02-01 16:28:28,697 - Starting pre_process_features_no_h2h.py...
2025-02-01 16:28:30,024 - Finished pre_process_features_no_h2h.py
2025-02-01 16:28:30,025 - Starting pre_process_features.py...
2025-02-01 16:28:31,690 - Finished pre_process_features.py
2025-02-01 16:28:31,690 - Starting logistic_regression.py...
2025-02-01 16:28:33,845 - Finished logistic_regression.py
2025-02-01 16:28:33,845 - Starting compare_predictions.py...
2025-02-01 16:28:34,580 - Finished compare_predictions.py
2025-02-01 16:28:34,582 - All scripts completed successfully

2025-02-01 16:28:34,582 - Sleeping for 5 minutes at 2025-02-01 16:28:34.582080
2025-02-01 16:33:34,594 - Starting create_test_data.py...
2025-02-01 16:33:41,235 - Finished create_test_data.py
2025-02-01 16:33:41,240 - Starting test_pre_process_basic_features.py...
2025-02-01 16:33:43,076 - Finished test_pre_process_basic_features.py
2025-02-01 16:33:43,077 - Starting pre_process_features_no_h2h.py...
2025-02-01 16:33:44,706 - Finished pre_process_features_no_h2h.py
2025-02-01 16:33:44,707 - Starting pre_process_features.py...
2025-02-01 16:33:46,436 - Finished pre_process_features.py
2025-02-01 16:33:46,436 - Starting logistic_regression.py...
2025-02-01 16:33:48,564 - Finished logistic_regression.py
2025-02-01 16:33:48,564 - Starting compare_predictions.py...
2025-02-01 16:33:49,319 - Finished compare_predictions.py
2025-02-01 16:33:49,320 - All scripts completed successfully

2025-02-01 16:33:49,320 - Sleeping for 5 minutes at 2025-02-01 16:33:49.320152
2025-02-01 16:38:49,333 - Starting create_test_data.py...
2025-02-01 16:38:56,263 - Finished create_test_data.py
2025-02-01 16:38:56,270 - Starting test_pre_process_basic_features.py...
2025-02-01 16:38:58,474 - Finished test_pre_process_basic_features.py
2025-02-01 16:38:58,475 - Starting pre_process_features_no_h2h.py...
2025-02-01 16:39:00,107 - Finished pre_process_features_no_h2h.py
2025-02-01 16:39:00,107 - Starting pre_process_features.py...
2025-02-01 16:39:01,904 - Finished pre_process_features.py
2025-02-01 16:39:01,904 - Starting logistic_regression.py...
2025-02-01 16:39:04,099 - Finished logistic_regression.py
2025-02-01 16:39:04,099 - Starting compare_predictions.py...
2025-02-01 16:39:04,862 - Finished compare_predictions.py
2025-02-01 16:39:04,863 - All scripts completed successfully

2025-02-01 16:39:04,863 - Sleeping for 5 minutes at 2025-02-01 16:39:04.863296
2025-02-01 16:44:04,875 - Starting create_test_data.py...
2025-02-01 16:44:11,114 - Finished create_test_data.py
2025-02-01 16:44:11,117 - Starting test_pre_process_basic_features.py...
2025-02-01 16:44:13,024 - Finished test_pre_process_basic_features.py
2025-02-01 16:44:13,024 - Starting pre_process_features_no_h2h.py...
2025-02-01 16:44:14,604 - Finished pre_process_features_no_h2h.py
2025-02-01 16:44:14,605 - Starting pre_process_features.py...
2025-02-01 16:44:16,383 - Finished pre_process_features.py
2025-02-01 16:44:16,383 - Starting logistic_regression.py...
2025-02-01 16:44:18,717 - Finished logistic_regression.py
2025-02-01 16:44:18,717 - Starting compare_predictions.py...
2025-02-01 16:44:19,446 - Finished compare_predictions.py
2025-02-01 16:44:19,446 - All scripts completed successfully

2025-02-01 16:44:19,446 - Sleeping for 5 minutes at 2025-02-01 16:44:19.446438
2025-02-01 16:49:19,459 - Starting create_test_data.py...
2025-02-01 16:49:28,103 - Finished create_test_data.py
2025-02-01 16:49:28,104 - Starting test_pre_process_basic_features.py...
2025-02-01 16:49:30,137 - Finished test_pre_process_basic_features.py
2025-02-01 16:49:30,138 - Starting pre_process_features_no_h2h.py...
2025-02-01 16:49:31,458 - Finished pre_process_features_no_h2h.py
2025-02-01 16:49:31,459 - Starting pre_process_features.py...
2025-02-01 16:49:33,117 - Finished pre_process_features.py
2025-02-01 16:49:33,117 - Starting logistic_regression.py...
2025-02-01 16:49:35,194 - Finished logistic_regression.py
2025-02-01 16:49:35,195 - Starting compare_predictions.py...
2025-02-01 16:49:35,921 - Finished compare_predictions.py
2025-02-01 16:49:35,922 - All scripts completed successfully

2025-02-01 16:49:35,922 - Sleeping for 5 minutes at 2025-02-01 16:49:35.922173
2025-02-01 16:54:35,934 - Starting create_test_data.py...
2025-02-01 16:54:42,573 - Finished create_test_data.py
2025-02-01 16:54:42,575 - Starting test_pre_process_basic_features.py...
2025-02-01 16:54:44,321 - Finished test_pre_process_basic_features.py
2025-02-01 16:54:44,322 - Starting pre_process_features_no_h2h.py...
2025-02-01 16:54:45,877 - Finished pre_process_features_no_h2h.py
2025-02-01 16:54:45,878 - Starting pre_process_features.py...
2025-02-01 16:54:47,216 - Finished pre_process_features.py
2025-02-01 16:54:47,217 - Starting logistic_regression.py...
2025-02-01 16:54:49,620 - Finished logistic_regression.py
2025-02-01 16:54:49,621 - Starting compare_predictions.py...
2025-02-01 16:54:50,329 - Finished compare_predictions.py
2025-02-01 16:54:50,329 - All scripts completed successfully

2025-02-01 16:54:50,330 - Sleeping for 5 minutes at 2025-02-01 16:54:50.330090
2025-02-01 16:59:50,343 - Starting create_test_data.py...
2025-02-01 16:59:56,608 - Finished create_test_data.py
2025-02-01 16:59:56,610 - Starting test_pre_process_basic_features.py...
2025-02-01 16:59:58,664 - Finished test_pre_process_basic_features.py
2025-02-01 16:59:58,664 - Starting pre_process_features_no_h2h.py...
2025-02-01 16:59:59,971 - Finished pre_process_features_no_h2h.py
2025-02-01 16:59:59,972 - Starting pre_process_features.py...
2025-02-01 17:00:01,676 - Finished pre_process_features.py
2025-02-01 17:00:01,680 - Starting logistic_regression.py...
2025-02-01 17:00:04,023 - Finished logistic_regression.py
2025-02-01 17:00:04,024 - Starting compare_predictions.py...
2025-02-01 17:00:04,761 - Finished compare_predictions.py
2025-02-01 17:00:04,762 - All scripts completed successfully

2025-02-01 17:00:04,762 - Sleeping for 5 minutes at 2025-02-01 17:00:04.762098
2025-02-01 17:05:04,774 - Starting create_test_data.py...
2025-02-01 17:05:11,223 - Finished create_test_data.py
2025-02-01 17:05:11,225 - Starting test_pre_process_basic_features.py...
2025-02-01 17:05:13,053 - Finished test_pre_process_basic_features.py
2025-02-01 17:05:13,057 - Starting pre_process_features_no_h2h.py...
2025-02-01 17:05:14,416 - Finished pre_process_features_no_h2h.py
2025-02-01 17:05:14,417 - Starting pre_process_features.py...
2025-02-01 17:05:15,988 - Finished pre_process_features.py
2025-02-01 17:05:15,988 - Starting logistic_regression.py...
2025-02-01 17:05:18,494 - Finished logistic_regression.py
2025-02-01 17:05:18,495 - Starting compare_predictions.py...
2025-02-01 17:05:19,298 - Finished compare_predictions.py
2025-02-01 17:05:19,298 - All scripts completed successfully

2025-02-01 17:05:19,298 - Sleeping for 5 minutes at 2025-02-01 17:05:19.298892
2025-02-01 17:10:19,288 - Starting create_test_data.py...
2025-02-01 17:10:26,093 - Finished create_test_data.py
2025-02-01 17:10:26,093 - Starting test_pre_process_basic_features.py...
2025-02-01 17:10:28,145 - Finished test_pre_process_basic_features.py
2025-02-01 17:10:28,195 - Starting pre_process_features_no_h2h.py...
2025-02-01 17:10:30,016 - Finished pre_process_features_no_h2h.py
2025-02-01 17:10:30,016 - Starting pre_process_features.py...
2025-02-01 17:10:31,688 - Finished pre_process_features.py
2025-02-01 17:10:31,688 - Starting logistic_regression.py...
2025-02-01 17:10:33,866 - Finished logistic_regression.py
2025-02-01 17:10:33,866 - Starting compare_predictions.py...
2025-02-01 17:10:34,592 - Finished compare_predictions.py
2025-02-01 17:10:34,592 - All scripts completed successfully

2025-02-01 17:10:34,592 - Sleeping for 5 minutes at 2025-02-01 17:10:34.592494
2025-02-01 17:15:34,599 - Starting create_test_data.py...
2025-02-01 17:15:42,193 - Finished create_test_data.py
2025-02-01 17:15:42,194 - Starting test_pre_process_basic_features.py...
2025-02-01 17:15:44,531 - Finished test_pre_process_basic_features.py
2025-02-01 17:15:44,544 - Starting pre_process_features_no_h2h.py...
2025-02-01 17:15:46,180 - Finished pre_process_features_no_h2h.py
2025-02-01 17:15:46,184 - Starting pre_process_features.py...
2025-02-01 17:15:47,805 - Finished pre_process_features.py
2025-02-01 17:15:47,806 - Starting logistic_regression.py...
2025-02-01 17:15:50,611 - Finished logistic_regression.py
2025-02-01 17:15:50,611 - Starting compare_predictions.py...
2025-02-01 17:15:51,369 - Finished compare_predictions.py
2025-02-01 17:15:51,369 - All scripts completed successfully

2025-02-01 17:15:51,370 - Sleeping for 5 minutes at 2025-02-01 17:15:51.369957
2025-02-01 19:11:05,308 - Scheduler started
2025-02-01 19:11:05,309 - Starting create_test_data.py...
2025-02-01 19:11:15,936 - Finished create_test_data.py
2025-02-01 19:11:15,939 - Starting test_pre_process_basic_features.py...
2025-02-01 19:11:18,447 - Finished test_pre_process_basic_features.py
2025-02-01 19:11:18,447 - Starting pre_process_features_no_h2h.py...
2025-02-01 19:11:20,287 - Finished pre_process_features_no_h2h.py
2025-02-01 19:11:20,290 - Starting pre_process_features.py...
2025-02-01 19:11:22,008 - Finished pre_process_features.py
2025-02-01 19:11:22,009 - Starting logistic_regression.py...
2025-02-01 19:11:24,263 - Finished logistic_regression.py
2025-02-01 19:11:24,266 - Starting compare_predictions.py...
2025-02-01 19:11:25,724 - Finished compare_predictions.py
2025-02-01 19:11:25,725 - All scripts completed successfully

2025-02-01 19:11:25,725 - Sleeping for 5 minutes at 2025-02-01 19:11:25.725117
2025-02-01 19:16:25,730 - Starting create_test_data.py...
2025-02-01 19:16:31,233 - Finished create_test_data.py
2025-02-01 19:16:31,234 - Starting test_pre_process_basic_features.py...
2025-02-01 19:16:32,637 - Finished test_pre_process_basic_features.py
2025-02-01 19:16:32,637 - Starting pre_process_features_no_h2h.py...
2025-02-01 19:16:33,792 - Finished pre_process_features_no_h2h.py
2025-02-01 19:16:33,792 - Starting pre_process_features.py...
2025-02-01 19:16:34,980 - Finished pre_process_features.py
2025-02-01 19:16:34,980 - Starting logistic_regression.py...
2025-02-01 19:16:36,666 - Finished logistic_regression.py
2025-02-01 19:16:36,666 - Starting compare_predictions.py...
2025-02-01 19:16:37,309 - Finished compare_predictions.py
2025-02-01 19:16:37,309 - All scripts completed successfully

2025-02-01 19:16:37,309 - Sleeping for 5 minutes at 2025-02-01 19:16:37.309840
2025-02-01 19:21:37,313 - Starting create_test_data.py...
2025-02-01 19:21:40,780 - Finished create_test_data.py
2025-02-01 19:21:40,781 - Starting test_pre_process_basic_features.py...
2025-02-01 19:21:42,401 - Finished test_pre_process_basic_features.py
2025-02-01 19:21:42,401 - Starting pre_process_features_no_h2h.py...
2025-02-01 19:21:43,529 - Finished pre_process_features_no_h2h.py
2025-02-01 19:21:43,529 - Starting pre_process_features.py...
2025-02-01 19:21:44,671 - Finished pre_process_features.py
2025-02-01 19:21:44,671 - Starting logistic_regression.py...
2025-02-01 19:21:46,389 - Finished logistic_regression.py
2025-02-01 19:21:46,390 - Starting compare_predictions.py...
2025-02-01 19:21:47,190 - Finished compare_predictions.py
2025-02-01 19:21:47,191 - All scripts completed successfully

2025-02-01 19:21:47,191 - Sleeping for 5 minutes at 2025-02-01 19:21:47.191285
2025-02-01 19:26:47,178 - Starting create_test_data.py...
2025-02-01 19:26:50,637 - Finished create_test_data.py
2025-02-01 19:26:50,637 - Starting test_pre_process_basic_features.py...
2025-02-01 19:26:52,085 - Finished test_pre_process_basic_features.py
2025-02-01 19:26:52,086 - Starting pre_process_features_no_h2h.py...
2025-02-01 19:26:53,269 - Finished pre_process_features_no_h2h.py
2025-02-01 19:26:53,270 - Starting pre_process_features.py...
2025-02-01 19:26:54,542 - Finished pre_process_features.py
2025-02-01 19:26:54,543 - Starting logistic_regression.py...
2025-02-01 19:26:56,615 - Finished logistic_regression.py
2025-02-01 19:26:56,615 - Starting compare_predictions.py...
2025-02-01 19:26:57,122 - Finished compare_predictions.py
2025-02-01 19:26:57,122 - All scripts completed successfully

2025-02-01 19:26:57,122 - Sleeping for 5 minutes at 2025-02-01 19:26:57.122692
2025-02-01 19:31:57,129 - Starting create_test_data.py...
2025-02-01 19:32:01,748 - Finished create_test_data.py
2025-02-01 19:32:01,749 - Starting test_pre_process_basic_features.py...
2025-02-01 19:32:03,557 - Finished test_pre_process_basic_features.py
2025-02-01 19:32:03,558 - Starting pre_process_features_no_h2h.py...
2025-02-01 19:32:04,807 - Finished pre_process_features_no_h2h.py
2025-02-01 19:32:04,807 - Starting pre_process_features.py...
2025-02-01 19:32:06,038 - Finished pre_process_features.py
2025-02-01 19:32:06,039 - Starting logistic_regression.py...
2025-02-01 19:32:07,865 - Finished logistic_regression.py
2025-02-01 19:32:07,865 - Starting compare_predictions.py...
2025-02-01 19:32:08,388 - Finished compare_predictions.py
2025-02-01 19:32:08,388 - All scripts completed successfully

2025-02-01 19:32:08,389 - Sleeping for 5 minutes at 2025-02-01 19:32:08.389052
2025-02-01 19:37:08,391 - Starting create_test_data.py...
2025-02-01 19:37:11,576 - Finished create_test_data.py
2025-02-01 19:37:11,576 - Starting test_pre_process_basic_features.py...
2025-02-01 19:37:13,080 - Finished test_pre_process_basic_features.py
2025-02-01 19:37:13,081 - Starting pre_process_features_no_h2h.py...
2025-02-01 19:37:14,272 - Finished pre_process_features_no_h2h.py
2025-02-01 19:37:14,272 - Starting pre_process_features.py...
2025-02-01 19:37:15,460 - Finished pre_process_features.py
2025-02-01 19:37:15,461 - Starting logistic_regression.py...
2025-02-01 19:37:17,432 - Finished logistic_regression.py
2025-02-01 19:37:17,432 - Starting compare_predictions.py...
2025-02-01 19:37:17,897 - Finished compare_predictions.py
2025-02-01 19:37:17,897 - All scripts completed successfully

2025-02-01 19:37:17,897 - Sleeping for 5 minutes at 2025-02-01 19:37:17.897415
2025-02-01 19:42:17,892 - Starting create_test_data.py...
2025-02-01 19:42:21,050 - Finished create_test_data.py
2025-02-01 19:42:21,050 - Starting test_pre_process_basic_features.py...
2025-02-01 19:42:22,751 - Finished test_pre_process_basic_features.py
2025-02-01 19:42:22,751 - Starting pre_process_features_no_h2h.py...
2025-02-01 19:42:23,963 - Finished pre_process_features_no_h2h.py
2025-02-01 19:42:23,964 - Starting pre_process_features.py...
2025-02-01 19:42:25,123 - Finished pre_process_features.py
2025-02-01 19:42:25,123 - Starting logistic_regression.py...
2025-02-01 19:42:26,894 - Finished logistic_regression.py
2025-02-01 19:42:26,895 - Starting compare_predictions.py...
2025-02-01 19:42:27,388 - Finished compare_predictions.py
2025-02-01 19:42:27,388 - All scripts completed successfully

2025-02-01 19:42:27,388 - Sleeping for 5 minutes at 2025-02-01 19:42:27.388471
2025-02-01 19:47:27,395 - Starting create_test_data.py...
2025-02-01 19:47:30,981 - Finished create_test_data.py
2025-02-01 19:47:30,981 - Starting test_pre_process_basic_features.py...
2025-02-01 19:47:32,414 - Finished test_pre_process_basic_features.py
2025-02-01 19:47:32,415 - Starting pre_process_features_no_h2h.py...
2025-02-01 19:47:33,578 - Finished pre_process_features_no_h2h.py
2025-02-01 19:47:33,579 - Starting pre_process_features.py...
2025-02-01 19:47:34,882 - Finished pre_process_features.py
2025-02-01 19:47:34,882 - Starting logistic_regression.py...
2025-02-01 19:47:36,696 - Finished logistic_regression.py
2025-02-01 19:47:36,696 - Starting compare_predictions.py...
2025-02-01 19:47:37,173 - Finished compare_predictions.py
2025-02-01 19:47:37,173 - All scripts completed successfully

2025-02-01 19:47:37,174 - Sleeping for 5 minutes at 2025-02-01 19:47:37.174012
2025-02-01 19:52:37,180 - Starting create_test_data.py...
2025-02-01 19:52:41,001 - Finished create_test_data.py
2025-02-01 19:52:41,002 - Starting test_pre_process_basic_features.py...
2025-02-01 19:52:42,686 - Finished test_pre_process_basic_features.py
2025-02-01 19:52:42,687 - Starting pre_process_features_no_h2h.py...
2025-02-01 19:52:43,928 - Finished pre_process_features_no_h2h.py
2025-02-01 19:52:43,928 - Starting pre_process_features.py...
2025-02-01 19:52:45,153 - Finished pre_process_features.py
2025-02-01 19:52:45,154 - Starting logistic_regression.py...
2025-02-01 19:52:46,857 - Finished logistic_regression.py
2025-02-01 19:52:46,857 - Starting compare_predictions.py...
2025-02-01 19:52:47,344 - Finished compare_predictions.py
2025-02-01 19:52:47,344 - All scripts completed successfully

2025-02-01 19:52:47,344 - Sleeping for 5 minutes at 2025-02-01 19:52:47.344541
2025-02-01 19:57:47,327 - Starting create_test_data.py...
2025-02-01 19:57:52,617 - Finished create_test_data.py
2025-02-01 19:57:52,618 - Starting test_pre_process_basic_features.py...
2025-02-01 19:57:54,198 - Finished test_pre_process_basic_features.py
2025-02-01 19:57:54,198 - Starting pre_process_features_no_h2h.py...
2025-02-01 19:57:55,422 - Finished pre_process_features_no_h2h.py
2025-02-01 19:57:55,422 - Starting pre_process_features.py...
2025-02-01 19:57:56,739 - Finished pre_process_features.py
2025-02-01 19:57:56,739 - Starting logistic_regression.py...
2025-02-01 19:57:58,949 - Finished logistic_regression.py
2025-02-01 19:57:58,950 - Starting compare_predictions.py...
2025-02-01 19:57:59,569 - Finished compare_predictions.py
2025-02-01 19:57:59,569 - All scripts completed successfully

2025-02-01 19:57:59,569 - Sleeping for 5 minutes at 2025-02-01 19:57:59.569542
2025-02-01 20:02:59,570 - Starting create_test_data.py...
2025-02-01 20:03:04,155 - Finished create_test_data.py
2025-02-01 20:03:04,155 - Starting test_pre_process_basic_features.py...
2025-02-01 20:03:05,750 - Finished test_pre_process_basic_features.py
2025-02-01 20:03:05,750 - Starting pre_process_features_no_h2h.py...
2025-02-01 20:21:20,911 - Scheduler started
2025-02-01 20:21:20,911 - Starting create_test_data.py...
2025-02-01 20:21:23,974 - Finished create_test_data.py
2025-02-01 20:21:23,974 - Starting test_pre_process_basic_features.py...
2025-02-01 20:21:25,572 - Finished test_pre_process_basic_features.py
2025-02-01 20:21:25,573 - Starting pre_process_features_no_h2h.py...
2025-02-01 20:21:26,733 - Finished pre_process_features_no_h2h.py
2025-02-01 20:21:26,734 - Starting pre_process_features.py...
2025-02-01 20:21:27,912 - Finished pre_process_features.py
2025-02-01 20:21:27,912 - Starting logistic_regression.py...
2025-02-01 20:21:29,976 - Finished logistic_regression.py
2025-02-01 20:21:29,977 - Starting compare_predictions.py...
2025-02-01 20:21:30,499 - Finished compare_predictions.py
2025-02-01 20:21:30,499 - All scripts completed successfully

2025-02-01 20:21:30,499 - Sleeping for 5 minutes at 2025-02-01 20:21:30.499860
2025-02-01 22:02:38,325 - Scheduler started
2025-02-01 22:02:38,327 - Starting create_test_data.py...
2025-02-01 22:02:41,981 - Finished create_test_data.py
2025-02-01 22:02:41,982 - Starting test_pre_process_basic_features.py...
2025-02-01 22:02:43,669 - Finished test_pre_process_basic_features.py
2025-02-01 22:02:43,670 - Starting pre_process_features_no_h2h.py...
2025-02-01 22:02:44,840 - Finished pre_process_features_no_h2h.py
2025-02-01 22:02:44,840 - Starting pre_process_features.py...
2025-02-01 22:02:46,330 - Finished pre_process_features.py
2025-02-01 22:02:46,331 - Starting logistic_regression.py...
2025-02-01 22:02:48,088 - Finished logistic_regression.py
2025-02-01 22:02:48,088 - Starting compare_predictions.py...
2025-02-01 22:02:48,593 - Finished compare_predictions.py
2025-02-01 22:02:48,594 - All scripts completed successfully

2025-02-01 22:02:48,594 - Sleeping for 5 minutes at 2025-02-01 22:02:48.594392
2025-02-01 22:10:21,330 - Scheduler started
2025-02-01 22:10:21,331 - Starting create_test_data.py...
2025-02-01 22:10:24,254 - Finished create_test_data.py
2025-02-01 22:10:24,266 - Starting test_pre_process_basic_features.py...
2025-02-01 22:10:25,996 - Finished test_pre_process_basic_features.py
2025-02-01 22:10:25,996 - Starting pre_process_features_no_h2h.py...
2025-02-01 22:10:27,175 - Finished pre_process_features_no_h2h.py
2025-02-01 22:10:27,176 - Starting pre_process_features.py...
2025-02-01 22:10:28,275 - Finished pre_process_features.py
2025-02-01 22:10:28,275 - Starting logistic_regression.py...
2025-02-01 22:10:30,149 - Finished logistic_regression.py
2025-02-01 22:10:30,149 - Starting compare_predictions.py...
2025-02-01 22:10:30,622 - Finished compare_predictions.py
2025-02-01 22:10:30,623 - All scripts completed successfully

2025-02-01 22:10:30,623 - Sleeping for 5 minutes at 2025-02-01 22:10:30.623297
2025-02-02 09:58:28,479 - Scheduler started
2025-02-02 09:58:28,479 - Starting create_test_data.py...
2025-02-02 09:58:33,386 - Finished create_test_data.py
2025-02-02 09:58:33,387 - Starting test_pre_process_basic_features.py...
2025-02-02 09:58:35,700 - Finished test_pre_process_basic_features.py
2025-02-02 09:58:35,700 - Starting pre_process_features_no_h2h.py...
2025-02-02 09:58:37,499 - Finished pre_process_features_no_h2h.py
2025-02-02 09:58:37,499 - Starting pre_process_features.py...
2025-02-02 09:58:39,270 - Finished pre_process_features.py
2025-02-02 09:58:39,270 - Starting logistic_regression.py...
2025-02-02 09:58:41,764 - Finished logistic_regression.py
2025-02-02 09:58:41,769 - Starting compare_predictions.py...
2025-02-02 09:58:42,602 - Finished compare_predictions.py
2025-02-02 09:58:42,603 - All scripts completed successfully

2025-02-02 09:58:42,603 - Sleeping for 5 minutes at 2025-02-02 09:58:42.603274
2025-02-02 10:16:29,909 - Scheduler started
2025-02-02 10:16:29,912 - Starting create_test_data.py...
2025-02-02 10:16:35,427 - Finished create_test_data.py
2025-02-02 10:16:35,431 - Starting test_pre_process_basic_features.py...
2025-02-02 10:16:37,729 - Finished test_pre_process_basic_features.py
2025-02-02 10:16:37,729 - Starting pre_process_features_no_h2h.py...
2025-02-02 10:16:39,627 - Finished pre_process_features_no_h2h.py
2025-02-02 10:16:39,627 - Starting pre_process_features.py...
2025-02-02 10:16:41,424 - Finished pre_process_features.py
2025-02-02 10:16:41,425 - Starting logistic_regression.py...
2025-02-02 10:16:43,847 - Finished logistic_regression.py
2025-02-02 10:16:43,847 - Starting compare_predictions.py...
2025-02-02 10:16:44,671 - Finished compare_predictions.py
2025-02-02 10:16:44,672 - All scripts completed successfully

2025-02-02 10:16:44,674 - Sleeping for 5 minutes at 2025-02-02 10:16:44.674675
2025-02-02 10:18:48,018 - Scheduler started
2025-02-02 10:18:48,019 - Starting create_test_data.py...
2025-02-02 10:18:49,667 - Finished create_test_data.py
2025-02-02 10:18:49,667 - Starting test_pre_process_basic_features.py...
2025-02-02 10:18:51,222 - Finished test_pre_process_basic_features.py
2025-02-02 10:18:51,223 - Starting pre_process_features_no_h2h.py...
2025-02-02 10:18:52,365 - Finished pre_process_features_no_h2h.py
2025-02-02 10:18:52,365 - Starting pre_process_features.py...
2025-02-02 10:18:53,520 - Finished pre_process_features.py
2025-02-02 10:18:53,520 - Starting logistic_regression.py...
2025-02-02 10:18:55,232 - Finished logistic_regression.py
2025-02-02 10:18:55,233 - Starting compare_predictions.py...
2025-02-02 10:18:55,689 - Finished compare_predictions.py
2025-02-02 10:18:55,689 - All scripts completed successfully

2025-02-02 10:18:55,689 - Sleeping for 5 minutes at 2025-02-02 10:18:55.689851
2025-02-02 10:23:55,697 - Starting create_test_data.py...
2025-02-02 10:23:57,629 - Finished create_test_data.py
2025-02-02 10:23:57,629 - Starting test_pre_process_basic_features.py...
2025-02-02 10:23:59,120 - Finished test_pre_process_basic_features.py
2025-02-02 10:23:59,120 - Starting pre_process_features_no_h2h.py...
2025-02-02 10:24:00,361 - Finished pre_process_features_no_h2h.py
2025-02-02 10:24:00,362 - Starting pre_process_features.py...
2025-02-02 10:24:01,590 - Finished pre_process_features.py
2025-02-02 10:24:01,591 - Starting logistic_regression.py...
2025-02-02 10:24:03,269 - Finished logistic_regression.py
2025-02-02 10:24:03,269 - Starting compare_predictions.py...
2025-02-02 10:24:03,725 - Finished compare_predictions.py
2025-02-02 10:24:03,725 - All scripts completed successfully

2025-02-02 10:24:03,725 - Sleeping for 5 minutes at 2025-02-02 10:24:03.725545
2025-02-02 10:30:24,637 - Scheduler started
2025-02-02 10:30:24,637 - Starting create_test_data.py...
2025-02-02 10:30:26,785 - Finished create_test_data.py
2025-02-02 10:30:26,785 - Starting test_pre_process_basic_features.py...
2025-02-02 10:30:28,347 - Finished test_pre_process_basic_features.py
2025-02-02 10:30:28,347 - Starting pre_process_features_no_h2h.py...
2025-02-02 10:30:29,507 - Finished pre_process_features_no_h2h.py
2025-02-02 10:30:29,507 - Starting pre_process_features.py...
2025-02-02 10:30:30,657 - Finished pre_process_features.py
2025-02-02 10:30:30,658 - Starting logistic_regression.py...
2025-02-02 10:30:32,418 - Finished logistic_regression.py
2025-02-02 10:30:32,418 - Starting compare_predictions.py...
2025-02-02 10:30:32,962 - Finished compare_predictions.py
2025-02-02 10:30:32,963 - All scripts completed successfully

2025-02-02 10:30:32,963 - Sleeping for 5 minutes at 2025-02-02 10:30:32.963295
2025-02-02 10:36:48,971 - Scheduler started
2025-02-02 10:36:48,971 - Starting create_test_data.py...
2025-02-02 10:36:51,910 - Finished create_test_data.py
2025-02-02 10:36:51,911 - Starting test_pre_process_basic_features.py...
2025-02-02 10:36:53,832 - Finished test_pre_process_basic_features.py
2025-02-02 10:36:53,833 - Starting pre_process_features_no_h2h.py...
2025-02-02 10:36:55,426 - Finished pre_process_features_no_h2h.py
2025-02-02 10:36:55,426 - Starting pre_process_features.py...
2025-02-02 10:39:25,884 - Scheduler started
2025-02-02 10:39:25,885 - Starting create_test_data.py...
2025-02-02 10:39:30,021 - Finished create_test_data.py
2025-02-02 10:39:30,022 - Starting test_pre_process_basic_features.py...
2025-02-02 10:39:31,512 - Finished test_pre_process_basic_features.py
2025-02-02 10:39:31,512 - Starting pre_process_features_no_h2h.py...
2025-02-02 10:39:32,617 - Finished pre_process_features_no_h2h.py
2025-02-02 10:39:32,617 - Starting pre_process_features.py...
2025-02-02 10:39:34,084 - Finished pre_process_features.py
2025-02-02 10:39:34,084 - Starting logistic_regression.py...
2025-02-02 10:39:35,748 - Finished logistic_regression.py
2025-02-02 10:39:35,748 - Starting compare_predictions.py...
2025-02-02 10:39:36,578 - Finished compare_predictions.py
2025-02-02 10:39:36,579 - All scripts completed successfully

2025-02-02 10:39:36,579 - Sleeping for 5 minutes at 2025-02-02 10:39:36.579307
2025-02-02 10:52:09,898 - Scheduler started
2025-02-02 10:52:09,900 - Starting create_test_data.py...
2025-02-02 10:52:20,689 - Finished create_test_data.py
2025-02-02 10:52:20,700 - Starting test_pre_process_basic_features.py...
2025-02-02 10:52:22,497 - Finished test_pre_process_basic_features.py
2025-02-02 10:52:22,497 - Starting pre_process_features_no_h2h.py...
2025-02-02 10:52:24,226 - Finished pre_process_features_no_h2h.py
2025-02-02 10:52:24,227 - Starting pre_process_features.py...
2025-02-02 10:52:25,546 - Finished pre_process_features.py
2025-02-02 10:52:25,546 - Starting logistic_regression.py...
2025-02-02 10:52:27,725 - Finished logistic_regression.py
2025-02-02 10:52:27,726 - Starting compare_predictions.py...
2025-02-02 10:52:28,249 - Finished compare_predictions.py
2025-02-02 10:52:28,249 - All scripts completed successfully

2025-02-02 10:52:28,250 - Sleeping for 5 minutes at 2025-02-02 10:52:28.250177
2025-02-02 11:04:39,595 - Scheduler started
2025-02-02 11:04:39,596 - Starting create_test_data.py...
2025-02-02 11:04:49,250 - Finished create_test_data.py
2025-02-02 11:04:49,251 - Starting test_pre_process_basic_features.py...
2025-02-02 11:04:51,032 - Finished test_pre_process_basic_features.py
2025-02-02 11:04:51,032 - Starting pre_process_features_no_h2h.py...
2025-02-02 11:04:52,537 - Finished pre_process_features_no_h2h.py
2025-02-02 11:04:52,538 - Starting pre_process_features.py...
2025-02-02 11:04:54,185 - Finished pre_process_features.py
2025-02-02 11:04:54,185 - Starting logistic_regression.py...
2025-02-02 11:04:56,782 - Finished logistic_regression.py
2025-02-02 11:04:56,784 - Starting compare_predictions.py...
2025-02-02 11:04:57,636 - Finished compare_predictions.py
2025-02-02 11:04:57,636 - All scripts completed successfully

2025-02-02 11:04:57,636 - Sleeping for 5 minutes at 2025-02-02 11:04:57.636638
2025-02-02 11:09:57,644 - Starting create_test_data.py...
2025-02-02 11:09:59,461 - Finished create_test_data.py
2025-02-02 11:09:59,461 - Starting test_pre_process_basic_features.py...
2025-02-02 11:10:01,126 - Finished test_pre_process_basic_features.py
2025-02-02 11:10:01,127 - Starting pre_process_features_no_h2h.py...
2025-02-02 11:10:02,458 - Finished pre_process_features_no_h2h.py
2025-02-02 11:10:02,458 - Starting pre_process_features.py...
2025-02-02 11:10:03,549 - Finished pre_process_features.py
2025-02-02 11:10:03,550 - Starting logistic_regression.py...
2025-02-02 11:10:05,157 - Finished logistic_regression.py
2025-02-02 11:10:05,157 - Starting compare_predictions.py...
2025-02-02 11:10:05,606 - Finished compare_predictions.py
2025-02-02 11:10:05,606 - All scripts completed successfully

2025-02-02 11:10:05,606 - Sleeping for 5 minutes at 2025-02-02 11:10:05.606434
